Product_ID,Product_Name,Category,Current_Stock_Level,Reorder_Level,Units_Sold_Last_Month,Supplier,Warehouse_Location,Price_per_Unit,Expiry_Date
1001,Product_1,Bakery,270.0,167,45,Supplier C,Lahore,95.23,2024-01-01
1002,Product_2,Frozen Foods,,52,63,Supplier D,Islamabad,97.06,2024-01-02
1003,Product_3,Produce,490.0,172,129,Supplier A,Karachi,26.47,2024-01-03
1004,Product_4,Bakery,443.0,99,192,Supplier A,Lahore,11.98,2024-01-04
1005,Product_5,Dairy,100.0,61,180,Supplier D,Islamabad,74.8,2024-01-05
1006,Product_6,Produce,480.0,103,291,Supplier D,Karachi,47.62,2024-01-06
1007,Product_7,Produce,263.0,182,281,Supplier A,Rawalpindi,18.0,2024-01-07
1008,Product_8,Bakery,52.0,106,28,Supplier C,Lahore,71.54,2024-01-08
1009,Product_9,Snacks,59.0,194,148,Supplier E,Rawalpindi,59.06,2024-01-09
1010,Product_10,Dairy,491.0,161,266,Supplier E,Karachi,98.25,2024-01-10
1011,Product_11,Bakery,107.0,96,295,Supplier D,Lahore,30.47,2024-01-11
1012,Product_12,Dairy,4.0,134,10,Supplier E,Karachi,46.36,2024-01-12
1013,Product_13,Dairy,102.0,191,163,Supplier A,Rawalpindi,58.83,2024-01-13
1014,Product_14,Produce,195.0,115,112,Supplier A,Lahore,81.25,2024-01-14
1015,Product_15,Frozen Foods,261.0,124,186,Supplier D,Rawalpindi,59.4,2024-01-15
1016,Product_16,Dairy,364.0,152,294,Supplier D,Karachi,65.16,2024-01-16
1017,Product_17,Household,479.0,87,231,Supplier D,Karachi,30.35,2024-01-17
1018,Product_18,Produce,371.0,99,226,Supplier C,Rawalpindi,86.22,2024-01-18
1019,Product_19,Snacks,349.0,147,97,Supplier E,Lahore,48.58,2024-01-19
1020,Product_20,Frozen Foods,46.0,131,54,Supplier D,Rawalpindi,22.69,2024-01-20
1021,Product_21,Household,354.0,79,110,Supplier B,Karachi,69.78,2024-01-21
1022,Product_22,Household,310.0,128,151,Supplier B,Rawalpindi,29.45,2024-01-22
1023,Product_23,Snacks,423.0,140,245,Supplier A,Karachi,18.78,2024-01-23
1024,Product_24,Frozen Foods,307.0,101,68,Supplier E,Rawalpindi,87.58,2024-01-24
1025,Product_25,Produce,143.0,128,288,Supplier D,Lahore,51.41,2024-01-25
1026,Product_26,Beverages,268.0,79,249,,Lahore,77.44,2024-01-26
1027,Product_27,Frozen Foods,369.0,155,35,Supplier E,Rawalpindi,36.15,2024-01-27
1028,Product_28,Snacks,123.0,100,238,Supplier A,Rawalpindi,80.83,2024-01-28
1029,Product_29,Household,105.0,130,147,Supplier C,Lahore,20.07,2024-01-29
1030,Product_30,Produce,157.0,182,226,Supplier E,Karachi,42.04,2024-01-30
1031,Product_31,Frozen Foods,146.0,78,243,,Lahore,98.03,2024-01-31
1032,Product_32,Beverages,144.0,181,200,Supplier C,Karachi,81.46,2024-02-01
1033,Product_33,Beverages,119.0,187,153,Supplier E,Rawalpindi,54.75,2024-02-02
1034,Product_34,Dairy,318.0,194,72,Supplier A,Rawalpindi,40.58,2024-02-03
1035,Product_35,Dairy,274.0,123,200,Supplier A,Karachi,88.49,2024-02-04
1036,Product_36,Bakery,91.0,66,295,Supplier C,Rawalpindi,59.04,2024-02-05
1037,Product_37,Snacks,57.0,133,16,Supplier D,Karachi,78.26,2024-02-06
1038,Product_38,Frozen Foods,438.0,118,128,Supplier B,Islamabad,77.87,2024-02-07
1039,Product_39,Frozen Foods,345.0,83,216,Supplier D,Lahore,11.62,2024-02-08
1040,Product_40,Bakery,228.0,55,60,Supplier E,Islamabad,21.36,2024-02-09
1041,Product_41,Household,473.0,102,103,Supplier B,Karachi,69.37,2024-02-10
1042,Product_42,Household,116.0,175,41,Supplier C,Lahore,24.55,2024-02-11
1043,Product_43,Bakery,317.0,92,24,Supplier C,Karachi,32.99,2024-02-12
1044,Product_44,Household,278.0,164,38,Supplier B,Lahore,95.2,2024-02-13
1045,Product_45,Dairy,126.0,160,290,Supplier A,Lahore,60.42,2024-02-14
1046,Product_46,Frozen Foods,392.0,129,130,Supplier B,Lahore,77.57,2024-02-15
1047,Product_47,Bakery,395.0,144,228,Supplier E,Lahore,60.22,2024-02-16
1048,Product_48,Frozen Foods,128.0,167,107,Supplier A,Karachi,59.73,2024-02-17
1049,Product_49,Beverages,57.0,193,171,Supplier C,Lahore,18.47,2024-02-18
1050,Product_50,Dairy,121.0,57,101,Supplier B,Lahore,40.93,2024-02-19
1051,Product_51,Produce,0.0,181,11,Supplier D,Islamabad,35.42,2024-02-20
1052,Product_52,Dairy,238.0,153,274,Supplier D,Rawalpindi,45.17,2024-02-21
1053,Product_53,Bakery,289.0,181,100,Supplier E,Rawalpindi,81.85,2024-02-22
1054,Product_54,Produce,95.0,74,43,Supplier D,Islamabad,43.47,2024-02-23
1055,Product_55,Beverages,125.0,145,16,Supplier B,Islamabad,50.65,2024-02-24
1056,Product_56,Bakery,117.0,142,56,Supplier B,Karachi,45.76,2024-02-25
1057,Product_57,Snacks,47.0,110,11,Supplier D,Karachi,18.41,2024-02-26
1058,Product_58,Frozen Foods,88.0,171,79,Supplier B,Karachi,49.7,2024-02-27
1059,Product_59,Beverages,487.0,100,215,Supplier E,Islamabad,27.6,2024-02-28
1060,Product_60,Frozen Foods,,196,263,Supplier A,Islamabad,26.81,2024-02-29
1061,Product_61,Household,372.0,70,148,Supplier E,Lahore,18.46,2024-03-01
1062,Product_62,Snacks,384.0,54,80,Supplier E,Karachi,42.1,2024-03-02
1063,Product_63,Snacks,,141,214,Supplier B,Karachi,78.17,2024-03-03
1064,Product_64,Beverages,188.0,110,197,,Karachi,34.88,2024-03-04
1065,Product_65,Snacks,486.0,71,199,Supplier B,Rawalpindi,38.11,2024-03-05
1066,Product_66,Produce,191.0,198,24,Supplier C,Lahore,67.84,2024-03-06
1067,Product_67,Snacks,446.0,119,88,Supplier B,Karachi,27.63,2024-03-07
1068,Product_68,Frozen Foods,68.0,50,267,Supplier B,Karachi,90.73,2024-03-08
1069,Product_69,Frozen Foods,277.0,182,142,Supplier B,Karachi,56.82,2024-03-09
1070,Product_70,Bakery,348.0,61,58,Supplier A,Rawalpindi,50.28,2024-03-10
1071,Product_71,Frozen Foods,,139,25,Supplier B,Rawalpindi,60.2,2024-03-11
1072,Product_72,Bakery,450.0,95,46,,Islamabad,24.94,2024-03-12
1073,Product_73,Frozen Foods,75.0,83,287,Supplier D,Lahore,65.21,2024-03-13
1074,Product_74,Produce,153.0,127,265,Supplier C,Islamabad,42.68,2024-03-14
1075,Product_75,Bakery,143.0,94,15,Supplier A,Lahore,90.75,2024-03-15
1076,Product_76,Dairy,434.0,122,198,Supplier D,Rawalpindi,25.2,2024-03-16
1077,Product_77,Household,484.0,75,281,Supplier A,Karachi,55.63,2024-03-17
1078,Product_78,Beverages,-42.0,96,85,Supplier A,Islamabad,63.83,2024-03-18
1079,Product_79,Frozen Foods,184.0,170,249,Supplier C,Karachi,13.0,2024-03-19
1080,Product_80,Snacks,284.0,105,269,Supplier E,Islamabad,42.73,2024-03-20
1081,Product_81,Frozen Foods,461.0,143,116,Supplier E,Rawalpindi,75.94,2024-03-21
1082,Product_82,Snacks,219.0,156,6,Supplier A,Rawalpindi,83.83,2024-03-22
1083,Product_83,Household,68.0,112,136,Supplier B,Rawalpindi,38.18,2024-03-23
1084,Product_84,Household,46.0,97,175,Supplier D,Islamabad,81.87,2024-03-24
1085,Product_85,Household,,110,214,Supplier B,Lahore,97.1,2024-03-25
1086,Product_86,Snacks,93.0,130,81,Supplier B,Islamabad,87.12,2024-03-26
1087,Product_87,Frozen Foods,237.0,75,222,,Lahore,20.59,2024-03-27
1088,Product_88,Household,445.0,85,102,Supplier A,Islamabad,76.58,2024-03-28
1089,Product_89,Produce,499.0,50,272,Supplier A,Islamabad,38.77,2024-03-29
1090,Product_90,Bakery,452.0,57,13,Supplier A,Rawalpindi,98.96,2024-03-30
1091,Product_91,Snacks,,162,158,Supplier E,Karachi,53.68,2024-03-31
1092,Product_92,Snacks,399.0,148,151,Supplier A,Karachi,21.02,2024-04-01
1093,Product_93,Frozen Foods,217.0,96,107,Supplier E,Lahore,75.27,2024-04-02
1094,Product_94,Snacks,473.0,176,187,Supplier E,Karachi,39.07,2024-04-03
1095,Product_95,Snacks,431.0,105,97,Supplier A,Islamabad,99.74,2024-04-04
1096,Product_96,Household,340.0,63,130,Supplier C,Islamabad,98.18,2024-04-05
1097,Product_97,Frozen Foods,38.0,77,292,Supplier D,Rawalpindi,69.05,2024-04-06
1098,Product_98,Household,99.0,127,170,Supplier B,Rawalpindi,21.68,2024-04-07
1099,Product_99,Bakery,288.0,179,182,Supplier E,Karachi,71.82,2024-04-08
1100,Product_100,Bakery,253.0,158,38,Supplier D,Lahore,18.37,2024-04-09
1101,Product_101,Household,221.0,63,14,,Karachi,12.64,2024-04-10
1102,Product_102,Bakery,356.0,105,3,Supplier B,Karachi,84.07,2024-04-11
1103,Product_103,Frozen Foods,22.0,164,209,Supplier B,Karachi,28.88,2024-04-12
1104,Product_104,Beverages,249.0,56,160,Supplier E,Karachi,44.11,2024-04-13
1105,Product_105,Household,9.0,52,15,Supplier A,Islamabad,97.61,2024-04-14
1106,Product_106,Produce,245.0,160,107,Supplier C,Lahore,40.32,2024-04-15
1107,Product_107,Produce,324.0,156,226,Supplier E,Islamabad,36.68,2024-04-16
1108,Product_108,Snacks,99.0,67,169,Supplier C,Lahore,92.64,2024-04-17
1109,Product_109,Bakery,289.0,87,33,Supplier A,Rawalpindi,19.97,2024-04-18
1110,Product_110,Produce,179.0,164,250,Supplier A,Karachi,78.36,2024-04-19
1111,Product_111,Snacks,222.0,64,246,Supplier E,Islamabad,98.93,2024-04-20
1112,Product_112,Beverages,393.0,168,268,Supplier A,Lahore,91.12,2024-04-21
1113,Product_113,Frozen Foods,249.0,77,140,Supplier D,Rawalpindi,68.65,2024-04-22
1114,Product_114,Frozen Foods,146.0,88,273,Supplier B,Rawalpindi,38.27,2024-04-23
1115,Product_115,Frozen Foods,-15.0,66,95,,Karachi,32.89,2024-04-24
1116,Product_116,Produce,95.0,135,226,Supplier C,Lahore,83.73,2024-04-25
1117,Product_117,Beverages,256.0,175,38,Supplier D,Islamabad,89.18,2024-04-26
1118,Product_118,Produce,324.0,93,28,Supplier E,Karachi,57.29,2024-04-27
1119,Product_119,Bakery,492.0,74,244,,Islamabad,31.99,2024-04-28
1120,Product_120,Produce,3.0,194,235,Supplier A,Rawalpindi,20.16,2024-04-29
1121,Product_121,Beverages,15.0,62,184,Supplier A,Islamabad,17.85,2024-04-30
1122,Product_122,Beverages,279.0,74,271,Supplier A,Islamabad,74.72,2024-05-01
1123,Product_123,Bakery,335.0,117,235,Supplier C,Karachi,47.81,2024-05-02
1124,Product_124,Beverages,246.0,187,238,Supplier D,Islamabad,91.48,2024-05-03
1125,Product_125,Beverages,257.0,116,265,Supplier B,Karachi,76.57,2024-05-04
1126,Product_126,Frozen Foods,496.0,158,64,Supplier C,Rawalpindi,27.21,2024-05-05
1127,Product_127,Bakery,475.0,195,176,Supplier C,Karachi,65.24,2024-05-06
1128,Product_128,Dairy,383.0,160,2,Supplier B,Karachi,49.2,2024-05-07
1129,Product_129,Dairy,159.0,160,141,Supplier B,Lahore,61.95,2024-05-08
1130,Product_130,Beverages,474.0,83,157,,Islamabad,76.43,2024-05-09
1131,Product_131,Dairy,,160,145,Supplier C,Rawalpindi,82.56,2024-05-10
1132,Product_132,Dairy,151.0,57,292,Supplier E,Karachi,85.94,2024-05-11
1133,Product_133,Beverages,395.0,162,152,Supplier B,Rawalpindi,32.86,2024-05-12
1134,Product_134,Dairy,177.0,132,192,Supplier B,Lahore,12.8,2024-05-13
1135,Product_135,Produce,-4.0,91,72,Supplier D,Islamabad,76.54,2024-05-14
1136,Product_136,Snacks,379.0,150,139,,Karachi,19.57,2024-05-15
1137,Product_137,Bakery,32.0,55,186,Supplier E,Islamabad,38.34,2024-05-16
1138,Product_138,Snacks,416.0,75,292,Supplier B,Lahore,10.34,2024-05-17
1139,Product_139,Beverages,444.0,113,60,Supplier A,Lahore,71.35,2024-05-18
1140,Product_140,Frozen Foods,178.0,108,197,Supplier D,Rawalpindi,25.04,2024-05-19
1141,Product_141,Bakery,426.0,158,294,Supplier E,Karachi,68.98,2024-05-20
1142,Product_142,Beverages,100.0,170,10,Supplier B,Rawalpindi,99.26,2024-05-21
1143,Product_143,Frozen Foods,267.0,82,61,Supplier E,Lahore,16.54,2024-05-22
1144,Product_144,Snacks,322.0,199,225,Supplier D,Islamabad,16.94,2024-05-23
1145,Product_145,Beverages,64.0,70,152,Supplier D,Rawalpindi,40.63,2024-05-24
1146,Product_146,Bakery,416.0,119,198,Supplier C,Rawalpindi,87.97,2024-05-25
1147,Product_147,Bakery,167.0,161,51,Supplier B,Islamabad,29.4,2024-05-26
1148,Product_148,Household,329.0,53,259,Supplier D,Rawalpindi,42.43,2024-05-27
1149,Product_149,Produce,42.0,143,58,Supplier C,Islamabad,16.17,2024-05-28
1150,Product_150,Dairy,,124,71,Supplier C,Karachi,78.68,2024-05-29
1151,Product_151,Frozen Foods,284.0,111,147,Supplier E,Islamabad,46.75,2024-05-30
1152,Product_152,Household,396.0,143,62,Supplier E,Karachi,78.33,2024-05-31
1153,Product_153,Dairy,11.0,144,242,Supplier C,Islamabad,91.32,2024-06-01
1154,Product_154,Dairy,94.0,104,106,Supplier E,Lahore,30.95,2024-06-02
1155,Product_155,Beverages,301.0,186,225,Supplier D,Lahore,82.67,2024-06-03
1156,Product_156,Dairy,385.0,180,217,Supplier A,Karachi,15.32,2024-06-04
1157,Product_157,Produce,252.0,80,240,Supplier D,Karachi,90.9,2024-06-05
1158,Product_158,Bakery,498.0,89,258,Supplier C,Lahore,68.57,2024-06-06
1159,Product_159,Household,241.0,85,261,Supplier C,Karachi,88.68,2024-06-07
1160,Product_160,Dairy,34.0,55,4,Supplier D,Islamabad,10.02,2024-06-08
1161,Product_161,Beverages,214.0,115,260,Supplier E,Islamabad,25.22,2024-06-09
1162,Product_162,Produce,336.0,124,53,Supplier E,Lahore,45.08,2024-06-10
1163,Product_163,Snacks,89.0,53,46,Supplier C,Rawalpindi,44.16,2024-06-11
1164,Product_164,Bakery,263.0,128,214,Supplier B,Islamabad,30.41,2024-06-12
1165,Product_165,Bakery,92.0,183,176,Supplier E,Karachi,44.35,2024-06-13
1166,Product_166,Household,409.0,167,8,Supplier D,Rawalpindi,21.6,2024-06-14
1167,Product_167,Bakery,457.0,162,98,Supplier E,Rawalpindi,47.15,2024-06-15
1168,Product_168,Dairy,89.0,143,19,Supplier D,Islamabad,82.21,2024-06-16
1169,Product_169,Beverages,417.0,111,240,Supplier C,Islamabad,53.12,2024-06-17
1170,Product_170,Bakery,114.0,128,60,,Rawalpindi,11.62,2024-06-18
1171,Product_171,Bakery,104.0,185,177,Supplier D,Rawalpindi,47.93,2024-06-19
1172,Product_172,Snacks,-41.0,75,61,Supplier C,Lahore,12.45,2024-06-20
1173,Product_173,Snacks,195.0,93,144,Supplier B,Karachi,96.96,2024-06-21
1174,Product_174,Frozen Foods,313.0,182,215,Supplier D,Lahore,21.47,2024-06-22
1175,Product_175,Produce,113.0,119,2,Supplier B,Islamabad,73.69,2024-06-23
1176,Product_176,Dairy,492.0,167,159,Supplier B,Lahore,97.55,2024-06-24
1177,Product_177,Bakery,74.0,117,226,Supplier A,Lahore,84.34,2024-06-25
1178,Product_178,Bakery,412.0,68,268,Supplier E,Lahore,72.94,2024-06-26
1179,Product_179,Beverages,375.0,69,119,Supplier D,Lahore,85.55,2024-06-27
1180,Product_180,Frozen Foods,,162,88,Supplier B,Karachi,98.36,2024-06-28
1181,Product_181,Produce,216.0,189,67,Supplier A,Karachi,65.92,2024-06-29
1182,Product_182,Frozen Foods,276.0,96,97,Supplier C,Rawalpindi,60.33,2024-06-30
1183,Product_183,Household,248.0,50,266,Supplier D,Islamabad,66.54,2024-07-01
1184,Product_184,Produce,163.0,139,104,,Lahore,57.94,2024-07-02
1185,Product_185,Bakery,393.0,191,122,Supplier E,Rawalpindi,67.16,2024-07-03
1186,Product_186,Bakery,356.0,113,28,Supplier A,Rawalpindi,50.49,2024-07-04
1187,Product_187,Produce,456.0,87,136,Supplier B,Rawalpindi,29.66,2024-07-05
1188,Product_188,Bakery,407.0,86,194,Supplier E,Karachi,20.82,2024-07-06
1189,Product_189,Dairy,191.0,175,225,Supplier B,Lahore,16.15,2024-07-07
1190,Product_190,Produce,226.0,188,169,Supplier D,Lahore,33.7,2024-07-08
1191,Product_191,Frozen Foods,176.0,149,8,Supplier D,Islamabad,14.15,2024-07-09
1192,Product_192,Produce,98.0,126,39,Supplier D,Lahore,61.05,2024-07-10
1193,Product_193,Bakery,495.0,52,24,Supplier A,Lahore,35.54,2024-07-11
1194,Product_194,Dairy,35.0,183,260,Supplier D,Rawalpindi,84.21,2024-07-12
1195,Product_195,Dairy,465.0,59,225,Supplier E,Islamabad,16.68,2024-07-13
1196,Product_196,Household,,54,123,Supplier B,Lahore,30.37,2024-07-14
1197,Product_197,Frozen Foods,486.0,187,37,Supplier C,Karachi,75.72,2024-07-15
1198,Product_198,Snacks,95.0,179,250,Supplier E,Lahore,63.89,2024-07-16
1199,Product_199,Snacks,151.0,62,175,Supplier E,Rawalpindi,15.8,2024-07-17
1200,Product_200,Produce,150.0,179,89,Supplier D,Karachi,88.95,2024-07-18
1201,Product_201,Household,189.0,133,36,Supplier A,Rawalpindi,88.95,2024-07-19
1202,Product_202,Beverages,223.0,114,175,Supplier B,Lahore,39.74,2024-07-20
1203,Product_203,Produce,36.0,112,283,Supplier A,Karachi,40.64,2024-07-21
1204,Product_204,Household,267.0,150,80,Supplier B,Islamabad,99.01,2024-07-22
1205,Product_205,Frozen Foods,368.0,122,113,Supplier B,Islamabad,66.36,2024-07-23
1206,Product_206,Frozen Foods,182.0,66,39,Supplier A,Karachi,57.82,2024-07-24
1207,Product_207,Frozen Foods,12.0,58,223,Supplier E,Karachi,85.43,2024-07-25
1208,Product_208,Frozen Foods,278.0,192,114,Supplier B,Rawalpindi,35.68,2024-07-26
1209,Product_209,Frozen Foods,216.0,87,185,Supplier A,Karachi,48.63,2024-07-27
1210,Product_210,Household,354.0,143,55,Supplier B,Rawalpindi,34.1,2024-07-28
1211,Product_211,Household,360.0,144,39,Supplier C,Lahore,81.02,2024-07-29
1212,Product_212,Dairy,1210.0,98,39,Supplier E,Rawalpindi,61.6,2024-07-30
1213,Product_213,Snacks,272.0,118,236,Supplier D,Karachi,69.29,2024-07-31
1214,Product_214,Bakery,368.0,111,288,Supplier B,Karachi,32.71,2024-08-01
1215,Product_215,Frozen Foods,61.0,127,261,Supplier C,Lahore,29.82,2024-08-02
1216,Product_216,Beverages,83.0,166,215,Supplier D,Karachi,53.95,2024-08-03
1217,Product_217,Bakery,367.0,169,146,Supplier D,Karachi,76.38,2024-08-04
1218,Product_218,Household,216.0,186,167,Supplier B,Islamabad,57.27,2024-08-05
1219,Product_219,Beverages,341.0,125,91,Supplier A,Islamabad,12.94,2024-08-06
1220,Product_220,Beverages,396.0,84,58,Supplier B,Lahore,88.17,2024-08-07
1221,Product_221,Beverages,186.0,50,58,Supplier C,Rawalpindi,15.82,2024-08-08
1222,Product_222,Dairy,18.0,89,168,Supplier D,Islamabad,96.02,2024-08-09
1223,Product_223,Household,176.0,113,268,Supplier B,Rawalpindi,12.26,2024-08-10
1224,Product_224,Beverages,99.0,199,44,Supplier A,Karachi,72.5,2024-08-11
1225,Product_225,Frozen Foods,395.0,109,180,Supplier B,Islamabad,17.4,2024-08-12
1226,Product_226,Produce,444.0,113,169,Supplier E,Lahore,91.96,2024-08-13
1227,Product_227,Beverages,232.0,142,190,Supplier A,Lahore,51.8,2024-08-14
1228,Product_228,Dairy,402.0,121,154,Supplier C,Lahore,22.38,2024-08-15
1229,Product_229,Bakery,75.0,60,187,Supplier D,Islamabad,40.67,2024-08-16
1230,Product_230,Household,264.0,154,6,Supplier B,Rawalpindi,24.83,2024-08-17
1231,Product_231,Dairy,454.0,63,132,Supplier A,Karachi,25.35,2024-08-18
1232,Product_232,Beverages,283.0,109,234,,Rawalpindi,95.33,2024-08-19
1233,Product_233,Household,205.0,79,44,Supplier A,Rawalpindi,50.07,2024-08-20
1234,Product_234,Produce,222.0,84,248,Supplier E,Karachi,80.99,2024-08-21
1235,Product_235,Beverages,383.0,54,30,Supplier C,Karachi,67.56,2024-08-22
1236,Product_236,Dairy,51.0,132,22,Supplier D,Islamabad,70.88,2024-08-23
1237,Product_237,Snacks,338.0,172,159,Supplier C,Islamabad,21.85,2024-08-24
1238,Product_238,Frozen Foods,,127,157,Supplier B,Islamabad,31.08,2024-08-25
1239,Product_239,Bakery,,111,38,Supplier A,Islamabad,80.81,2024-08-26
1240,Product_240,Dairy,372.0,181,81,Supplier E,Islamabad,97.37,2024-08-27
1241,Product_241,Household,68.0,138,257,Supplier E,Karachi,33.64,2024-08-28
1242,Product_242,Beverages,98.0,91,205,Supplier A,Rawalpindi,34.44,2024-08-29
1243,Product_243,Frozen Foods,395.0,138,76,Supplier A,Islamabad,52.56,2024-08-30
1244,Product_244,Beverages,24.0,195,11,Supplier B,Islamabad,98.55,2024-08-31
1245,Product_245,Household,1843.0,89,294,Supplier C,Rawalpindi,34.21,2024-09-01
1246,Product_246,Beverages,378.0,121,223,Supplier E,Islamabad,46.63,2024-09-02
1247,Product_247,Snacks,468.0,88,12,Supplier B,Rawalpindi,90.23,2024-09-03
1248,Product_248,Frozen Foods,483.0,153,45,Supplier C,Rawalpindi,10.26,2024-09-04
1249,Product_249,Frozen Foods,52.0,63,154,Supplier B,Karachi,13.58,2024-09-05
1250,Product_250,Household,150.0,81,112,Supplier E,Lahore,64.37,2024-09-06
1251,Product_251,Bakery,143.0,174,232,Supplier A,Karachi,91.66,2024-09-07
1252,Product_252,Snacks,56.0,146,16,Supplier A,Lahore,31.5,2024-09-08
1253,Product_253,Dairy,38.0,72,222,,Lahore,52.27,2024-09-09
1254,Product_254,Beverages,108.0,112,187,Supplier D,Lahore,50.54,2024-09-10
1255,Product_255,Produce,180.0,192,162,Supplier C,Islamabad,52.57,2024-09-11
1256,Product_256,Beverages,41.0,194,73,Supplier D,Karachi,66.03,2024-09-12
1257,Product_257,Beverages,185.0,102,232,Supplier B,Lahore,52.28,2024-09-13
1258,Product_258,Dairy,422.0,153,223,Supplier B,Rawalpindi,50.27,2024-09-14
1259,Product_259,Beverages,397.0,153,59,Supplier E,Islamabad,52.69,2024-09-15
1260,Product_260,Snacks,222.0,88,221,Supplier D,Karachi,63.18,2024-09-16
1261,Product_261,Snacks,121.0,183,36,Supplier E,Lahore,58.33,2024-09-17
1262,Product_262,Frozen Foods,132.0,116,277,Supplier A,Rawalpindi,86.87,2024-09-18
1263,Product_263,Household,1427.0,184,195,,Karachi,14.45,2024-09-19
1264,Product_264,Bakery,214.0,91,241,Supplier C,Karachi,85.0,2024-09-20
1265,Product_265,Produce,220.0,64,218,Supplier A,Islamabad,85.95,2024-09-21
1266,Product_266,Beverages,234.0,160,191,Supplier A,Karachi,35.64,2024-09-22
1267,Product_267,Beverages,330.0,82,16,Supplier C,Islamabad,51.66,2024-09-23
1268,Product_268,Dairy,145.0,87,11,Supplier A,Lahore,49.47,2024-09-24
1269,Product_269,Household,238.0,146,192,Supplier D,Islamabad,29.67,2024-09-25
1270,Product_270,Snacks,75.0,82,21,Supplier E,Rawalpindi,45.71,2024-09-26
1271,Product_271,Produce,8.0,135,119,Supplier A,Islamabad,13.99,2024-09-27
1272,Product_272,Frozen Foods,73.0,115,209,Supplier D,Rawalpindi,35.0,2024-09-28
1273,Product_273,Snacks,441.0,59,269,Supplier B,Islamabad,83.5,2024-09-29
1274,Product_274,Household,491.0,54,191,Supplier D,Karachi,35.61,2024-09-30
1275,Product_275,Bakery,400.0,172,174,Supplier E,Lahore,83.64,2024-10-01
1276,Product_276,Frozen Foods,252.0,123,284,Supplier D,Rawalpindi,57.84,2024-10-02
1277,Product_277,Bakery,229.0,146,203,Supplier C,Islamabad,89.19,2024-10-03
1278,Product_278,Dairy,6.0,167,163,Supplier E,Islamabad,61.73,2024-10-04
1279,Product_279,Dairy,173.0,87,250,Supplier B,Islamabad,12.67,2024-10-05
1280,Product_280,Beverages,140.0,190,226,Supplier C,Karachi,70.79,2024-10-06
1281,Product_281,Bakery,167.0,96,6,Supplier D,Karachi,14.04,2024-10-07
1282,Product_282,Household,169.0,158,28,Supplier E,Rawalpindi,50.55,2024-10-08
1283,Product_283,Produce,392.0,64,32,Supplier B,Rawalpindi,93.65,2024-10-09
1284,Product_284,Frozen Foods,433.0,185,133,Supplier C,Karachi,24.87,2024-10-10
1285,Product_285,Snacks,282.0,54,78,Supplier B,Rawalpindi,45.09,2024-10-11
1286,Product_286,Household,121.0,96,57,Supplier D,Lahore,75.69,2024-10-12
1287,Product_287,Household,193.0,117,25,Supplier B,Lahore,89.4,2024-10-13
1288,Product_288,Dairy,4.0,125,225,Supplier A,Karachi,70.38,2024-10-14
1289,Product_289,Bakery,28.0,179,284,Supplier C,Rawalpindi,33.24,2024-10-15
1290,Product_290,Beverages,164.0,144,3,Supplier B,Islamabad,70.71,2024-10-16
1291,Product_291,Beverages,421.0,164,98,Supplier D,Lahore,36.71,2024-10-17
1292,Product_292,Frozen Foods,338.0,85,38,Supplier D,Karachi,74.66,2024-10-18
1293,Product_293,Dairy,135.0,75,270,,Rawalpindi,95.86,2024-10-19
1294,Product_294,Household,495.0,92,284,Supplier D,Karachi,74.93,2024-10-20
1295,Product_295,Produce,364.0,76,156,Supplier E,Islamabad,87.66,2024-10-21
1296,Product_296,Dairy,320.0,118,74,Supplier E,Lahore,10.19,2024-10-22
1297,Product_297,Frozen Foods,341.0,197,287,Supplier E,Karachi,74.58,2024-10-23
1298,Product_298,Frozen Foods,499.0,60,129,Supplier A,Karachi,84.66,2024-10-24
1299,Product_299,Dairy,144.0,123,174,Supplier B,Karachi,13.65,2024-10-25
1300,Product_300,Frozen Foods,326.0,153,83,Supplier A,Islamabad,88.44,2024-10-26
1301,Product_301,Dairy,216.0,87,21,Supplier D,Karachi,33.1,2024-10-27
1302,Product_302,Snacks,300.0,183,26,Supplier A,Islamabad,69.88,2024-10-28
1303,Product_303,Dairy,131.0,72,194,Supplier D,Islamabad,82.03,2024-10-29
1304,Product_304,Bakery,291.0,96,235,Supplier D,Islamabad,69.64,2024-10-30
1305,Product_305,Dairy,69.0,139,91,Supplier C,Lahore,18.31,2024-10-31
1306,Product_306,Frozen Foods,251.0,95,20,Supplier E,Lahore,63.67,2024-11-01
1307,Product_307,Bakery,414.0,156,83,Supplier D,Karachi,59.46,2024-11-02
1308,Product_308,Frozen Foods,274.0,189,261,Supplier C,Karachi,91.03,2024-11-03
1309,Product_309,Beverages,444.0,190,146,Supplier E,Lahore,46.38,2024-11-04
1310,Product_310,Beverages,,153,256,Supplier D,Rawalpindi,38.9,2024-11-05
1311,Product_311,Bakery,181.0,160,57,,Lahore,77.49,2024-11-06
1312,Product_312,Snacks,166.0,153,14,Supplier A,Islamabad,47.14,2024-11-07
1313,Product_313,Beverages,90.0,109,161,Supplier A,Lahore,68.15,2024-11-08
1314,Product_314,Dairy,201.0,149,162,Supplier E,Islamabad,68.18,2024-11-09
1315,Product_315,Frozen Foods,345.0,117,280,Supplier D,Karachi,89.92,2024-11-10
1316,Product_316,Beverages,18.0,182,279,Supplier B,Rawalpindi,63.88,2024-11-11
1317,Product_317,Beverages,38.0,169,11,Supplier A,Karachi,55.19,2024-11-12
1318,Product_318,Snacks,125.0,86,273,Supplier E,Islamabad,22.5,2024-11-13
1319,Product_319,Bakery,450.0,121,270,Supplier D,Islamabad,20.42,2024-11-14
1320,Product_320,Bakery,172.0,176,207,Supplier D,Islamabad,23.89,2024-11-15
1321,Product_321,Household,140.0,155,26,Supplier B,Rawalpindi,25.47,2024-11-16
1322,Product_322,Snacks,241.0,141,71,Supplier E,Lahore,67.41,2024-11-17
1323,Product_323,Dairy,219.0,80,59,Supplier D,Karachi,76.69,2024-11-18
1324,Product_324,Bakery,125.0,171,144,Supplier A,Karachi,57.7,2024-11-19
1325,Product_325,Frozen Foods,57.0,186,92,Supplier B,Lahore,84.61,2024-11-20
1326,Product_326,Snacks,147.0,100,7,Supplier E,Karachi,99.21,2024-11-21
1327,Product_327,Beverages,475.0,78,78,Supplier B,Rawalpindi,83.8,2024-11-22
1328,Product_328,Frozen Foods,455.0,89,26,Supplier A,Karachi,72.54,2024-11-23
1329,Product_329,Frozen Foods,316.0,90,173,Supplier E,Islamabad,57.92,2024-11-24
1330,Product_330,Beverages,382.0,60,49,Supplier B,Lahore,50.4,2024-11-25
1331,Product_331,Snacks,360.0,50,198,Supplier C,Rawalpindi,17.6,2024-11-26
1332,Product_332,Beverages,422.0,95,180,Supplier A,Lahore,45.94,2024-11-27
1333,Product_333,Household,0.0,150,23,Supplier A,Rawalpindi,91.91,2024-11-28
1334,Product_334,Frozen Foods,-17.0,198,45,Supplier A,Islamabad,82.72,2024-11-29
1335,Product_335,Produce,460.0,139,14,Supplier C,Lahore,29.44,2024-11-30
1336,Product_336,Produce,347.0,159,152,Supplier C,Karachi,51.99,2024-12-01
1337,Product_337,Dairy,189.0,106,221,Supplier D,Rawalpindi,83.51,2024-12-02
1338,Product_338,Bakery,-40.0,50,205,Supplier B,Lahore,16.06,2024-12-03
1339,Product_339,Beverages,368.0,112,272,Supplier D,Karachi,44.87,2024-12-04
1340,Product_340,Beverages,408.0,104,235,Supplier B,Lahore,86.67,2024-12-05
1341,Product_341,Dairy,311.0,164,227,Supplier C,Lahore,46.35,2024-12-06
1342,Product_342,Dairy,416.0,192,8,Supplier C,Lahore,16.99,2024-12-07
1343,Product_343,Dairy,421.0,198,165,Supplier D,Rawalpindi,58.83,2024-12-08
1344,Product_344,Frozen Foods,116.0,102,213,Supplier E,Karachi,87.56,2024-12-09
1345,Product_345,Household,133.0,186,116,Supplier D,Islamabad,63.13,2024-12-10
1346,Product_346,Beverages,57.0,106,71,Supplier B,Rawalpindi,30.37,2024-12-11
1347,Product_347,Frozen Foods,43.0,166,63,Supplier D,Rawalpindi,44.58,2024-12-12
1348,Product_348,Dairy,172.0,84,204,Supplier A,Rawalpindi,50.51,2024-12-13
1349,Product_349,Beverages,159.0,112,208,Supplier B,Islamabad,62.13,2024-12-14
1350,Product_350,Frozen Foods,172.0,74,71,Supplier B,Karachi,78.34,2024-12-15
1351,Product_351,Household,316.0,139,276,Supplier E,Karachi,18.9,2024-12-16
1352,Product_352,Frozen Foods,302.0,124,273,Supplier C,Karachi,90.07,2024-12-17
1353,Product_353,Household,148.0,87,94,Supplier B,Lahore,11.11,2024-12-18
1354,Product_354,Dairy,79.0,179,165,Supplier C,Lahore,43.3,2024-12-19
1355,Product_355,Household,373.0,184,31,Supplier D,Lahore,12.47,2024-12-20
1356,Product_356,Beverages,212.0,140,10,Supplier A,Islamabad,45.37,2024-12-21
1357,Product_357,Dairy,202.0,66,216,Supplier E,Lahore,57.32,2024-12-22
1358,Product_358,Beverages,251.0,177,288,Supplier C,Islamabad,56.05,2024-12-23
1359,Product_359,Produce,228.0,157,101,Supplier B,Karachi,24.91,2024-12-24
1360,Product_360,Snacks,163.0,74,266,Supplier C,Lahore,68.12,2024-12-25
1361,Product_361,Household,226.0,137,213,Supplier B,Lahore,14.03,2024-12-26
1362,Product_362,Snacks,146.0,78,178,Supplier C,Rawalpindi,78.57,2024-12-27
1363,Product_363,Snacks,19.0,112,87,Supplier B,Islamabad,95.2,2024-12-28
1364,Product_364,Household,440.0,199,40,Supplier D,Karachi,40.58,2024-12-29
1365,Product_365,Dairy,,163,75,Supplier B,Rawalpindi,56.55,2024-12-30
1366,Product_366,Produce,46.0,98,45,Supplier B,Rawalpindi,44.1,2024-12-31
1367,Product_367,Beverages,232.0,130,159,Supplier A,Karachi,10.6,2025-01-01
1368,Product_368,Frozen Foods,304.0,133,79,Supplier B,Rawalpindi,44.73,2025-01-02
1369,Product_369,Beverages,13.0,154,85,Supplier A,Islamabad,81.25,2025-01-03
1370,Product_370,Frozen Foods,142.0,197,91,Supplier E,Islamabad,63.64,2025-01-04
1371,Product_371,Beverages,414.0,167,147,Supplier A,Lahore,19.11,2025-01-05
1372,Product_372,Household,0.0,135,160,Supplier D,Rawalpindi,86.24,2025-01-06
1373,Product_373,Produce,372.0,112,201,Supplier A,Lahore,57.8,2025-01-07
1374,Product_374,Frozen Foods,53.0,153,241,Supplier E,Rawalpindi,85.76,2025-01-08
1375,Product_375,Bakery,373.0,98,1,Supplier D,Islamabad,62.22,2025-01-09
1376,Product_376,Dairy,258.0,120,224,Supplier C,Islamabad,60.37,2025-01-10
1377,Product_377,Beverages,,50,288,Supplier C,Islamabad,19.47,2025-01-11
1378,Product_378,Beverages,470.0,190,232,Supplier A,Rawalpindi,25.06,2025-01-12
1379,Product_379,Frozen Foods,440.0,172,76,Supplier A,Islamabad,97.48,2025-01-13
1380,Product_380,Dairy,458.0,111,115,Supplier E,Rawalpindi,30.56,2025-01-14
1381,Product_381,Dairy,11.0,81,153,Supplier E,Lahore,97.97,2025-01-15
1382,Product_382,Household,329.0,78,102,Supplier B,Rawalpindi,57.87,2025-01-16
1383,Product_383,Bakery,-23.0,98,193,Supplier E,Lahore,22.22,2025-01-17
1384,Product_384,Household,271.0,79,165,Supplier B,Rawalpindi,18.94,2025-01-18
1385,Product_385,Household,455.0,193,89,Supplier D,Lahore,28.8,2025-01-19
1386,Product_386,Household,357.0,68,173,Supplier A,Islamabad,93.31,2025-01-20
1387,Product_387,Household,459.0,67,121,Supplier D,Lahore,47.27,2025-01-21
1388,Product_388,Household,407.0,50,142,Supplier E,Islamabad,45.59,2025-01-22
1389,Product_389,Produce,155.0,127,105,Supplier D,Islamabad,38.19,2025-01-23
1390,Product_390,Dairy,372.0,164,122,Supplier D,Lahore,23.24,2025-01-24
1391,Product_391,Household,7.0,162,8,Supplier D,Rawalpindi,53.91,2025-01-25
1392,Product_392,Dairy,121.0,163,261,Supplier E,Rawalpindi,21.7,2025-01-26
1393,Product_393,Dairy,347.0,112,72,Supplier D,Karachi,85.19,2025-01-27
1394,Product_394,Snacks,163.0,181,222,Supplier B,Rawalpindi,43.34,2025-01-28
1395,Product_395,Produce,89.0,178,40,Supplier E,Karachi,43.73,2025-01-29
1396,Product_396,Household,-9.0,57,203,Supplier D,Rawalpindi,52.66,2025-01-30
1397,Product_397,Beverages,185.0,104,263,Supplier E,Rawalpindi,49.97,2025-01-31
1398,Product_398,Frozen Foods,315.0,152,177,Supplier C,Islamabad,99.54,2025-02-01
1399,Product_399,Bakery,177.0,180,83,Supplier B,Karachi,59.08,2025-02-02
1400,Product_400,Beverages,27.0,81,110,Supplier D,Rawalpindi,17.94,2025-02-03
1401,Product_401,Produce,219.0,59,250,Supplier C,Karachi,64.62,2025-02-04
1402,Product_402,Frozen Foods,356.0,159,6,Supplier C,Islamabad,23.64,2025-02-05
1403,Product_403,Produce,40.0,173,83,Supplier E,Islamabad,12.78,2025-02-06
1404,Product_404,Dairy,227.0,136,207,Supplier C,Karachi,97.37,2025-02-07
1405,Product_405,Frozen Foods,191.0,104,21,Supplier B,Islamabad,79.62,2025-02-08
1406,Product_406,Dairy,-37.0,81,2,Supplier B,Lahore,98.21,2025-02-09
1407,Product_407,Beverages,446.0,184,126,Supplier A,Lahore,53.01,2025-02-10
1408,Product_408,Beverages,144.0,142,296,Supplier B,Islamabad,57.9,2025-02-11
1409,Product_409,Frozen Foods,200.0,57,187,Supplier C,Lahore,25.15,2025-02-12
1410,Product_410,Frozen Foods,416.0,114,13,Supplier B,Rawalpindi,32.22,2025-02-13
1411,Product_411,Household,211.0,106,11,Supplier E,Karachi,85.47,2025-02-14
1412,Product_412,Produce,460.0,116,86,Supplier A,Rawalpindi,42.06,2025-02-15
1413,Product_413,Household,219.0,121,11,Supplier C,Karachi,84.41,2025-02-16
1414,Product_414,Produce,239.0,103,24,,Islamabad,73.81,2025-02-17
1415,Product_415,Household,412.0,116,242,Supplier C,Rawalpindi,25.95,2025-02-18
1416,Product_416,Dairy,396.0,100,121,Supplier E,Islamabad,55.67,2025-02-19
1417,Product_417,Frozen Foods,45.0,146,146,Supplier A,Islamabad,70.96,2025-02-20
1418,Product_418,Beverages,34.0,141,54,Supplier D,Karachi,31.15,2025-02-21
1419,Product_419,Produce,252.0,57,237,Supplier C,Karachi,84.76,2025-02-22
1420,Product_420,Produce,1037.0,84,172,Supplier D,Karachi,59.03,2025-02-23
1421,Product_421,Beverages,81.0,145,220,Supplier A,Rawalpindi,24.87,2025-02-24
1422,Product_422,Household,370.0,137,118,Supplier D,Lahore,62.47,2025-02-25
1423,Product_423,Produce,255.0,127,182,Supplier D,Karachi,99.97,2025-02-26
1424,Product_424,Bakery,196.0,81,287,Supplier A,Karachi,23.55,2025-02-27
1425,Product_425,Dairy,302.0,169,299,Supplier E,Rawalpindi,83.51,2025-02-28
1426,Product_426,Frozen Foods,408.0,95,81,Supplier D,Karachi,28.66,2025-03-01
1427,Product_427,Beverages,449.0,193,210,Supplier D,Rawalpindi,80.41,2025-03-02
1428,Product_428,Frozen Foods,9.0,191,149,,Islamabad,76.11,2025-03-03
1429,Product_429,Bakery,311.0,104,36,Supplier D,Karachi,37.04,2025-03-04
1430,Product_430,Produce,285.0,56,58,Supplier D,Karachi,39.32,2025-03-05
1431,Product_431,Produce,241.0,123,130,Supplier D,Islamabad,81.33,2025-03-06
1432,Product_432,Bakery,250.0,56,201,Supplier B,Islamabad,51.53,2025-03-07
1433,Product_433,Beverages,364.0,134,242,Supplier E,Islamabad,75.77,2025-03-08
1434,Product_434,Dairy,,196,34,Supplier D,Karachi,23.32,2025-03-09
1435,Product_435,Snacks,118.0,161,92,Supplier E,Lahore,86.73,2025-03-10
1436,Product_436,Beverages,288.0,174,206,Supplier C,Lahore,73.98,2025-03-11
1437,Product_437,Snacks,373.0,196,212,Supplier C,Lahore,91.62,2025-03-12
1438,Product_438,Bakery,64.0,85,158,Supplier D,Karachi,21.91,2025-03-13
1439,Product_439,Household,145.0,78,23,Supplier E,Islamabad,63.37,2025-03-14
1440,Product_440,Snacks,223.0,131,292,Supplier E,Karachi,63.92,2025-03-15
1441,Product_441,Dairy,238.0,51,3,Supplier E,Islamabad,41.81,2025-03-16
1442,Product_442,Household,176.0,178,219,Supplier B,Karachi,51.26,2025-03-17
1443,Product_443,Snacks,266.0,96,19,Supplier C,Karachi,13.42,2025-03-18
1444,Product_444,Bakery,340.0,197,151,Supplier E,Islamabad,77.13,2025-03-19
1445,Product_445,Household,281.0,60,49,Supplier E,Lahore,59.44,2025-03-20
1446,Product_446,Bakery,62.0,179,176,Supplier B,Islamabad,15.2,2025-03-21
1447,Product_447,Snacks,216.0,168,95,Supplier B,Rawalpindi,71.27,2025-03-22
1448,Product_448,Bakery,341.0,189,104,Supplier E,Rawalpindi,52.01,2025-03-23
1449,Product_449,Dairy,314.0,69,249,Supplier A,Islamabad,13.1,2025-03-24
1450,Product_450,Snacks,282.0,54,116,Supplier E,Karachi,97.26,2025-03-25
1451,Product_451,Snacks,176.0,86,227,Supplier E,Rawalpindi,95.42,2025-03-26
1452,Product_452,Snacks,,186,65,Supplier B,Rawalpindi,56.16,2025-03-27
1453,Product_453,Beverages,416.0,102,261,Supplier B,Karachi,18.43,2025-03-28
1454,Product_454,Beverages,97.0,148,294,Supplier E,Karachi,77.92,2025-03-29
1455,Product_455,Beverages,104.0,135,242,Supplier E,Lahore,54.27,2025-03-30
1456,Product_456,Dairy,98.0,157,185,Supplier E,Karachi,37.22,2025-03-31
1457,Product_457,Household,,73,245,Supplier B,Islamabad,54.23,2025-04-01
1458,Product_458,Bakery,404.0,130,124,Supplier E,Islamabad,57.02,2025-04-02
1459,Product_459,Produce,495.0,169,267,Supplier E,Lahore,60.64,2025-04-03
1460,Product_460,Snacks,310.0,108,130,Supplier D,Rawalpindi,49.71,2025-04-04
1461,Product_461,Bakery,5.0,177,236,,Rawalpindi,64.52,2025-04-05
1462,Product_462,Snacks,475.0,163,17,Supplier C,Karachi,92.69,2025-04-06
1463,Product_463,Dairy,464.0,164,39,Supplier A,Islamabad,42.6,2025-04-07
1464,Product_464,Snacks,196.0,63,20,Supplier D,Rawalpindi,75.31,2025-04-08
1465,Product_465,Beverages,350.0,58,224,Supplier C,Lahore,90.5,2025-04-09
1466,Product_466,Produce,132.0,89,281,Supplier E,Lahore,51.04,2025-04-10
1467,Product_467,Frozen Foods,357.0,74,7,Supplier D,Islamabad,49.91,2025-04-11
1468,Product_468,Snacks,258.0,152,99,Supplier E,Lahore,64.19,2025-04-12
1469,Product_469,Bakery,436.0,71,239,Supplier B,Lahore,63.23,2025-04-13
1470,Product_470,Beverages,22.0,53,86,Supplier D,Islamabad,82.59,2025-04-14
1471,Product_471,Frozen Foods,484.0,78,297,Supplier B,Karachi,52.88,2025-04-15
1472,Product_472,Produce,52.0,158,13,Supplier D,Karachi,99.65,2025-04-16
1473,Product_473,Frozen Foods,164.0,147,1,Supplier D,Lahore,15.35,2025-04-17
1474,Product_474,Beverages,201.0,86,292,Supplier B,Karachi,10.29,2025-04-18
1475,Product_475,Household,457.0,124,40,Supplier C,Karachi,67.62,2025-04-19
1476,Product_476,Household,82.0,119,110,Supplier A,Lahore,36.86,2025-04-20
1477,Product_477,Frozen Foods,144.0,195,13,Supplier E,Karachi,31.63,2025-04-21
1478,Product_478,Dairy,84.0,177,230,Supplier D,Lahore,38.07,2025-04-22
1479,Product_479,Bakery,77.0,134,83,Supplier E,Rawalpindi,33.04,2025-04-23
1480,Product_480,Bakery,456.0,91,129,Supplier B,Islamabad,12.77,2025-04-24
1481,Product_481,Frozen Foods,,149,230,Supplier E,Islamabad,97.44,2025-04-25
1482,Product_482,Snacks,0.0,90,144,Supplier B,Karachi,29.87,2025-04-26
1483,Product_483,Snacks,50.0,83,27,Supplier E,Karachi,76.06,2025-04-27
1484,Product_484,Bakery,172.0,66,65,Supplier A,Karachi,78.63,2025-04-28
1485,Product_485,Bakery,204.0,171,162,Supplier A,Islamabad,93.63,2025-04-29
1486,Product_486,Household,1443.0,125,228,Supplier A,Rawalpindi,12.75,2025-04-30
1487,Product_487,Dairy,-9.0,136,260,Supplier A,Rawalpindi,88.48,2025-05-01
1488,Product_488,Beverages,448.0,166,163,Supplier A,Islamabad,57.45,2025-05-02
1489,Product_489,Snacks,368.0,155,286,Supplier A,Rawalpindi,66.93,2025-05-03
1490,Product_490,Bakery,,135,9,Supplier B,Islamabad,68.0,2025-05-04
1491,Product_491,Household,287.0,76,194,Supplier D,Rawalpindi,83.78,2025-05-05
1492,Product_492,Produce,33.0,106,117,Supplier E,Lahore,40.01,2025-05-06
1493,Product_493,Household,347.0,80,269,Supplier A,Lahore,75.97,2025-05-07
1494,Product_494,Snacks,94.0,183,79,Supplier B,Islamabad,57.57,2025-05-08
1495,Product_495,Snacks,71.0,147,92,Supplier B,Rawalpindi,81.41,2025-05-09
1496,Product_496,Household,38.0,61,265,Supplier B,Karachi,99.15,2025-05-10
1497,Product_497,Beverages,153.0,102,256,Supplier D,Rawalpindi,28.06,2025-05-11
1498,Product_498,Frozen Foods,249.0,187,132,Supplier E,Lahore,99.52,2025-05-12
1499,Product_499,Snacks,161.0,194,275,Supplier D,Lahore,18.08,2025-05-13
1500,Product_500,Household,437.0,171,263,Supplier C,Rawalpindi,10.21,2025-05-14
