SurveyDate,FormalEducation,ConvertedSalary,Hobby,Country,StackOverflowJobsRecommend,VersionControl,Age,Years Experience,Gender,RawSalary
2018-01-01,Professional degree (JD. MD.. etc.),95726,No,United States,No,Subversion,42,38,Other,"$55,000"
2018-01-02,Some college/university study without earning a degree,171564,Yes,United States,No,None,39,8,Other,"$40,000"
2018-01-03,Bachelor's degree (BA. BS. B.Eng.. etc.),145668,No,Germany,No,Mercurial,47,34,Female,"$55,000"
2018-01-04,Professional degree (JD. MD.. etc.),36102,Yes,Germany,No,Mercurial,37,12,Female,"$40,000"
2018-01-05,Professional degree (JD. MD.. etc.),148015,Yes,Canada,Maybe,Mercurial,38,14,Female,"$70,000"
2018-01-06,Some college/university study without earning a degree,56641,Yes,United States,Maybe,None,61,17,Prefer not to say,"$100,000"
2018-01-07,Bachelor's degree (BA. BS. B.Eng.. etc.),195656,Yes,Canada,No,Subversion,49,32,Female,"$55,000"
2018-01-08,Bachelor's degree (BA. BS. B.Eng.. etc.),193817,Yes,Germany,Maybe,Git,63,5,Other,"$40,000"
2018-01-09,Professional degree (JD. MD.. etc.),184165,No,Germany,Yes,Mercurial,38,26,Other,"$100,000"
2018-01-10,Master’s degree (MA. MS. M.Eng.. MBA.. etc.),133746,Yes,United States,Yes,None,52,22,Male,"$40,000"
2018-01-11,Professional degree (JD. MD.. etc.),66631,Yes,Pakistan,Yes,None,49,26,Prefer not to say,"$100,000"
2018-01-12,Professional degree (JD. MD.. etc.),102991,No,India,No,Git,47,33,Male,"$100,000"
2018-01-13,Professional degree (JD. MD.. etc.),34014,Yes,Germany,Yes,Git,56,37,Other,"$40,000"
2018-01-14,Professional degree (JD. MD.. etc.),41093,No,Germany,Maybe,None,29,13,Male,"$55,000"
2018-01-15,Some college/university study without earning a degree,48070,No,Pakistan,No,Subversion,58,35,Other,"$55,000"
2018-01-16,Bachelor's degree (BA. BS. B.Eng.. etc.),65777,No,Pakistan,Maybe,Git,64,7,Male,"$70,000"
2018-01-17,Some college/university study without earning a degree,86958,Yes,Canada,Yes,None,35,34,Female,"$100,000"
2018-01-18,Some college/university study without earning a degree,112074,Yes,Canada,Yes,Git,38,18,Male,"$70,000"
2018-01-19,Some college/university study without earning a degree,40729,Yes,India,Yes,Subversion,30,29,Female,"$70,000"
2018-01-20,Professional degree (JD. MD.. etc.),188823,No,India,No,Mercurial,38,13,Female,"$40,000"
2018-01-21,Master’s degree (MA. MS. M.Eng.. MBA.. etc.),135864,Yes,United States,Maybe,Git,25,19,Prefer not to say,"$40,000"
2018-01-22,Bachelor's degree (BA. BS. B.Eng.. etc.),160858,Yes,Canada,No,Subversion,63,24,Female,"$40,000"
2018-01-23,Master’s degree (MA. MS. M.Eng.. MBA.. etc.),135510,Yes,Germany,No,None,57,39,Female,"$100,000"
2018-01-24,Some college/university study without earning a degree,84748,No,Canada,Yes,Git,63,23,Male,"$40,000"
2018-01-25,Some college/university study without earning a degree,35801,No,Germany,No,Git,24,13,Other,"$40,000"
2018-01-26,Master’s degree (MA. MS. M.Eng.. MBA.. etc.),180262,Yes,Pakistan,No,None,40,25,Prefer not to say,"$100,000"
2018-01-27,Master’s degree (MA. MS. M.Eng.. MBA.. etc.),59592,Yes,Canada,Yes,Mercurial,61,37,Female,"$100,000"
2018-01-28,Master’s degree (MA. MS. M.Eng.. MBA.. etc.),40647,Yes,Pakistan,No,None,49,22,Prefer not to say,"$55,000"
2018-01-29,Some college/university study without earning a degree,169788,Yes,India,Yes,Git,28,21,Male,"$40,000"
2018-01-30,Some college/university study without earning a degree,140627,No,India,Yes,None,39,18,Female,"$40,000"
2018-01-31,Bachelor's degree (BA. BS. B.Eng.. etc.),100316,No,United States,Yes,Subversion,39,2,Male,"$40,000"
2018-02-01,Bachelor's degree (BA. BS. B.Eng.. etc.),32368,No,Canada,Yes,None,60,18,Prefer not to say,"$55,000"
2018-02-02,Some college/university study without earning a degree,107575,No,Pakistan,No,Git,42,8,Male,"$40,000"
2018-02-03,Master’s degree (MA. MS. M.Eng.. MBA.. etc.),36655,Yes,Germany,Yes,None,39,27,Prefer not to say,"$55,000"
2018-02-04,Master’s degree (MA. MS. M.Eng.. MBA.. etc.),100031,Yes,India,Yes,Mercurial,45,19,Male,"$70,000"
2018-02-05,Bachelor's degree (BA. BS. B.Eng.. etc.),117922,Yes,India,No,None,46,6,Prefer not to say,"$55,000"
2018-02-06,Some college/university study without earning a degree,154046,No,Germany,No,Mercurial,30,13,Other,"$70,000"
2018-02-07,Bachelor's degree (BA. BS. B.Eng.. etc.),174475,Yes,Pakistan,Maybe,Subversion,35,8,Male,"$40,000"
2018-02-08,Bachelor's degree (BA. BS. B.Eng.. etc.),62097,No,Pakistan,No,Mercurial,19,18,Male,"$70,000"
2018-02-09,Professional degree (JD. MD.. etc.),172038,No,Canada,No,None,46,13,Other,"$55,000"
2018-02-10,Professional degree (JD. MD.. etc.),154862,Yes,Canada,Maybe,Git,38,37,Other,"$100,000"
2018-02-11,Professional degree (JD. MD.. etc.),148834,Yes,United States,No,Mercurial,32,35,Male,"$70,000"
2018-02-12,Master’s degree (MA. MS. M.Eng.. MBA.. etc.),123848,Yes,India,No,Subversion,44,39,Other,"$70,000"
2018-02-13,Some college/university study without earning a degree,82921,No,Canada,No,Mercurial,48,16,Female,"$40,000"
2018-02-14,Some college/university study without earning a degree,156141,Yes,Pakistan,No,Mercurial,32,29,Prefer not to say,"$55,000"
2018-02-15,Some college/university study without earning a degree,52677,No,Germany,Maybe,Mercurial,40,8,Prefer not to say,"$70,000"
2018-02-16,Some college/university study without earning a degree,85609,Yes,Pakistan,No,Subversion,41,32,Prefer not to say,"$70,000"
2018-02-17,Professional degree (JD. MD.. etc.),61024,No,India,No,None,61,24,Female,"$70,000"
2018-02-18,Master’s degree (MA. MS. M.Eng.. MBA.. etc.),100313,No,Pakistan,Maybe,Mercurial,30,13,Other,"$70,000"
2018-02-19,Master’s degree (MA. MS. M.Eng.. MBA.. etc.),157813,Yes,United States,Yes,Mercurial,39,10,Other,"$100,000"
2018-02-20,Professional degree (JD. MD.. etc.),125285,No,India,Maybe,Git,60,34,Male,"$55,000"
2018-02-21,Master’s degree (MA. MS. M.Eng.. MBA.. etc.),176410,No,Germany,Yes,Subversion,54,13,Other,"$40,000"
2018-02-22,Professional degree (JD. MD.. etc.),143632,Yes,United States,Maybe,Mercurial,50,29,Male,"$40,000"
2018-02-23,Some college/university study without earning a degree,180580,No,India,Maybe,Subversion,20,3,Female,"$100,000"
2018-02-24,Professional degree (JD. MD.. etc.),33051,Yes,Germany,No,Mercurial,36,3,Prefer not to say,"$55,000"
2018-02-25,Some college/university study without earning a degree,144692,No,United States,Yes,None,40,27,Prefer not to say,"$70,000"
2018-02-26,Some college/university study without earning a degree,117235,Yes,United States,No,None,46,7,Prefer not to say,"$100,000"
2018-02-27,Bachelor's degree (BA. BS. B.Eng.. etc.),193165,Yes,India,Yes,Mercurial,47,1,Other,"$55,000"
2018-02-28,Professional degree (JD. MD.. etc.),103523,No,Canada,Maybe,None,56,21,Male,"$70,000"
2018-03-01,Bachelor's degree (BA. BS. B.Eng.. etc.),124476,No,United States,Maybe,Mercurial,61,15,Male,"$100,000"
2018-03-02,Professional degree (JD. MD.. etc.),47019,No,United States,Yes,None,64,28,Female,"$55,000"
2018-03-03,Professional degree (JD. MD.. etc.),113613,No,Germany,No,Git,42,29,Other,"$40,000"
2018-03-04,Bachelor's degree (BA. BS. B.Eng.. etc.),116672,No,Pakistan,No,Git,54,11,Female,"$40,000"
2018-03-05,Bachelor's degree (BA. BS. B.Eng.. etc.),103847,Yes,India,No,Git,64,34,Male,"$55,000"
2018-03-06,Professional degree (JD. MD.. etc.),112750,No,India,No,Subversion,25,10,Male,"$40,000"
2018-03-07,Master’s degree (MA. MS. M.Eng.. MBA.. etc.),58251,Yes,Canada,Maybe,Subversion,59,20,Prefer not to say,"$55,000"
2018-03-08,Some college/university study without earning a degree,133481,Yes,Canada,Maybe,Git,33,20,Other,"$70,000"
2018-03-09,Bachelor's degree (BA. BS. B.Eng.. etc.),142566,No,India,Maybe,Subversion,25,4,Male,"$55,000"
2018-03-10,Some college/university study without earning a degree,55945,Yes,Canada,Maybe,None,18,19,Prefer not to say,"$70,000"
2018-03-11,Master’s degree (MA. MS. M.Eng.. MBA.. etc.),120852,Yes,Germany,Maybe,Mercurial,61,36,Other,"$100,000"
2018-03-12,Master’s degree (MA. MS. M.Eng.. MBA.. etc.),62217,Yes,India,No,Mercurial,22,2,Female,"$55,000"
2018-03-13,Master’s degree (MA. MS. M.Eng.. MBA.. etc.),38308,Yes,Canada,No,Mercurial,20,32,Other,"$100,000"
2018-03-14,Bachelor's degree (BA. BS. B.Eng.. etc.),35949,No,India,No,Git,18,8,Other,"$40,000"
2018-03-15,Master’s degree (MA. MS. M.Eng.. MBA.. etc.),162222,Yes,Pakistan,No,Subversion,21,8,Male,"$70,000"
2018-03-16,Bachelor's degree (BA. BS. B.Eng.. etc.),130235,No,United States,Maybe,None,57,3,Male,"$55,000"
2018-03-17,Master’s degree (MA. MS. M.Eng.. MBA.. etc.),104740,No,India,Maybe,None,52,34,Other,"$100,000"
2018-03-18,Some college/university study without earning a degree,146352,Yes,United States,Maybe,Git,49,16,Male,"$70,000"
2018-03-19,Some college/university study without earning a degree,96617,No,Canada,Yes,None,59,33,Male,"$70,000"
2018-03-20,Professional degree (JD. MD.. etc.),46896,No,United States,No,None,51,23,Male,"$40,000"
2018-03-21,Some college/university study without earning a degree,160798,No,India,No,None,60,31,Prefer not to say,"$40,000"
2018-03-22,Professional degree (JD. MD.. etc.),168877,Yes,Pakistan,Maybe,None,42,0,Prefer not to say,"$70,000"
2018-03-23,Some college/university study without earning a degree,35237,No,Canada,No,Subversion,27,7,Other,"$70,000"
2018-03-24,Bachelor's degree (BA. BS. B.Eng.. etc.),50056,No,India,No,None,38,22,Male,"$55,000"
2018-03-25,Some college/university study without earning a degree,144548,No,Canada,Maybe,Mercurial,63,39,Prefer not to say,"$70,000"
2018-03-26,Professional degree (JD. MD.. etc.),141488,Yes,Germany,Yes,Git,56,11,Other,"$55,000"
2018-03-27,Professional degree (JD. MD.. etc.),164415,No,United States,Yes,Subversion,44,11,Male,"$70,000"
2018-03-28,Master’s degree (MA. MS. M.Eng.. MBA.. etc.),174572,Yes,Germany,Yes,None,44,14,Female,"$40,000"
2018-03-29,Bachelor's degree (BA. BS. B.Eng.. etc.),59375,Yes,India,Maybe,Subversion,19,18,Male,"$55,000"
2018-03-30,Some college/university study without earning a degree,170734,Yes,Pakistan,No,None,58,25,Male,"$100,000"
2018-03-31,Master’s degree (MA. MS. M.Eng.. MBA.. etc.),46964,Yes,Canada,Maybe,Mercurial,30,28,Prefer not to say,"$40,000"
2018-04-01,Some college/university study without earning a degree,143429,Yes,United States,Maybe,Git,26,21,Other,"$55,000"
2018-04-02,Some college/university study without earning a degree,97215,Yes,Canada,No,None,53,39,Other,"$55,000"
2018-04-03,Master’s degree (MA. MS. M.Eng.. MBA.. etc.),99042,No,India,Yes,None,39,20,Prefer not to say,"$100,000"
2018-04-04,Master’s degree (MA. MS. M.Eng.. MBA.. etc.),174356,Yes,Canada,Yes,None,59,37,Male,"$55,000"
2018-04-05,Master’s degree (MA. MS. M.Eng.. MBA.. etc.),123468,No,United States,Maybe,None,43,19,Female,"$70,000"
2018-04-06,Master’s degree (MA. MS. M.Eng.. MBA.. etc.),39435,No,India,Yes,Git,29,28,Male,"$100,000"
2018-04-07,Master’s degree (MA. MS. M.Eng.. MBA.. etc.),108832,Yes,Canada,Maybe,Git,34,3,Male,"$40,000"
2018-04-08,Some college/university study without earning a degree,81293,No,Pakistan,Maybe,Mercurial,31,6,Female,"$40,000"
2018-04-09,Master’s degree (MA. MS. M.Eng.. MBA.. etc.),108781,No,India,No,Git,31,27,Prefer not to say,"$70,000"
2018-04-10,Bachelor's degree (BA. BS. B.Eng.. etc.),190196,No,India,No,None,51,27,Other,"$40,000"
2018-04-11,Professional degree (JD. MD.. etc.),73919,No,Pakistan,No,Mercurial,37,3,Prefer not to say,"$55,000"
2018-04-12,Master’s degree (MA. MS. M.Eng.. MBA.. etc.),196319,Yes,Germany,Maybe,Mercurial,28,21,Prefer not to say,"$55,000"
2018-04-13,Master’s degree (MA. MS. M.Eng.. MBA.. etc.),151172,No,United States,No,Mercurial,33,11,Male,"$70,000"
2018-04-14,Some college/university study without earning a degree,124758,Yes,Germany,Yes,None,48,2,Other,"$40,000"
2018-04-15,Master’s degree (MA. MS. M.Eng.. MBA.. etc.),86573,No,Canada,Yes,Subversion,23,21,Other,"$40,000"
2018-04-16,Master’s degree (MA. MS. M.Eng.. MBA.. etc.),89101,No,Pakistan,Maybe,None,36,1,Prefer not to say,"$70,000"
2018-04-17,Master’s degree (MA. MS. M.Eng.. MBA.. etc.),56646,Yes,Germany,Maybe,Git,54,23,Female,"$100,000"
2018-04-18,Some college/university study without earning a degree,134185,No,India,No,Git,21,33,Prefer not to say,"$40,000"
2018-04-19,Master’s degree (MA. MS. M.Eng.. MBA.. etc.),53049,No,Canada,Maybe,None,64,26,Female,"$100,000"
2018-04-20,Professional degree (JD. MD.. etc.),128116,No,Canada,Maybe,None,21,0,Other,"$40,000"
2018-04-21,Some college/university study without earning a degree,127379,Yes,Germany,Yes,Mercurial,37,7,Prefer not to say,"$40,000"
2018-04-22,Professional degree (JD. MD.. etc.),98385,No,Germany,Yes,None,27,22,Male,"$40,000"
2018-04-23,Some college/university study without earning a degree,156131,Yes,Pakistan,No,Mercurial,41,37,Prefer not to say,"$40,000"
2018-04-24,Master’s degree (MA. MS. M.Eng.. MBA.. etc.),53289,No,United States,Maybe,Git,52,5,Other,"$55,000"
2018-04-25,Professional degree (JD. MD.. etc.),140226,Yes,Germany,Maybe,Mercurial,43,21,Male,"$100,000"
2018-04-26,Some college/university study without earning a degree,130793,Yes,Germany,Yes,None,54,24,Male,"$100,000"
2018-04-27,Bachelor's degree (BA. BS. B.Eng.. etc.),39823,No,India,Maybe,Git,55,17,Female,"$40,000"
2018-04-28,Master’s degree (MA. MS. M.Eng.. MBA.. etc.),71975,No,Canada,Yes,Subversion,38,16,Male,"$40,000"
2018-04-29,Some college/university study without earning a degree,39540,Yes,United States,No,Mercurial,57,11,Male,"$100,000"
2018-04-30,Bachelor's degree (BA. BS. B.Eng.. etc.),46364,Yes,India,Yes,Git,56,5,Prefer not to say,"$55,000"
2018-05-01,Some college/university study without earning a degree,165683,No,Pakistan,Maybe,Mercurial,38,25,Other,"$70,000"
2018-05-02,Bachelor's degree (BA. BS. B.Eng.. etc.),57663,Yes,Pakistan,No,Git,27,26,Female,"$70,000"
2018-05-03,Master’s degree (MA. MS. M.Eng.. MBA.. etc.),81991,No,Germany,Yes,Git,55,7,Prefer not to say,"$100,000"
2018-05-04,Professional degree (JD. MD.. etc.),134182,No,Germany,Yes,Mercurial,63,18,Male,"$40,000"
2018-05-05,Bachelor's degree (BA. BS. B.Eng.. etc.),192049,No,Pakistan,No,Subversion,21,0,Male,"$40,000"
2018-05-06,Some college/university study without earning a degree,124704,No,Germany,No,Git,62,28,Female,"$55,000"
2018-05-07,Master’s degree (MA. MS. M.Eng.. MBA.. etc.),79115,Yes,United States,Yes,Git,37,34,Other,"$70,000"
2018-05-08,Bachelor's degree (BA. BS. B.Eng.. etc.),121007,No,Germany,Maybe,Git,34,39,Female,"$55,000"
2018-05-09,Some college/university study without earning a degree,179143,Yes,Canada,Yes,Subversion,24,13,Prefer not to say,"$70,000"
2018-05-10,Some college/university study without earning a degree,41938,No,Germany,No,Subversion,21,34,Female,"$100,000"
2018-05-11,Some college/university study without earning a degree,196267,Yes,India,Yes,None,46,19,Male,"$70,000"
2018-05-12,Bachelor's degree (BA. BS. B.Eng.. etc.),121680,No,United States,No,Mercurial,31,12,Prefer not to say,"$55,000"
2018-05-13,Bachelor's degree (BA. BS. B.Eng.. etc.),34000,Yes,India,No,Subversion,20,37,Male,"$55,000"
2018-05-14,Bachelor's degree (BA. BS. B.Eng.. etc.),131042,Yes,India,Maybe,Mercurial,41,7,Other,"$55,000"
2018-05-15,Professional degree (JD. MD.. etc.),123610,No,Canada,No,None,54,19,Male,"$100,000"
2018-05-16,Bachelor's degree (BA. BS. B.Eng.. etc.),133691,No,United States,No,Mercurial,33,32,Male,"$70,000"
2018-05-17,Bachelor's degree (BA. BS. B.Eng.. etc.),68304,No,United States,Maybe,Subversion,21,25,Female,"$70,000"
2018-05-18,Bachelor's degree (BA. BS. B.Eng.. etc.),99449,No,United States,No,Mercurial,41,38,Male,"$55,000"
2018-05-19,Professional degree (JD. MD.. etc.),112986,Yes,United States,Maybe,Subversion,51,20,Prefer not to say,"$70,000"
2018-05-20,Bachelor's degree (BA. BS. B.Eng.. etc.),181836,No,United States,Maybe,Mercurial,47,8,Prefer not to say,"$40,000"
2018-05-21,Some college/university study without earning a degree,138940,Yes,Canada,No,Subversion,35,23,Other,"$40,000"
2018-05-22,Bachelor's degree (BA. BS. B.Eng.. etc.),68494,Yes,Germany,No,Subversion,36,36,Prefer not to say,"$40,000"
2018-05-23,Some college/university study without earning a degree,33373,No,India,Yes,Mercurial,48,16,Female,"$70,000"
2018-05-24,Some college/university study without earning a degree,173233,Yes,United States,Maybe,None,36,23,Other,"$100,000"
2018-05-25,Some college/university study without earning a degree,127532,Yes,Germany,Yes,Git,63,20,Prefer not to say,"$100,000"
2018-05-26,Professional degree (JD. MD.. etc.),122658,Yes,Germany,No,None,36,38,Female,"$100,000"
2018-05-27,Professional degree (JD. MD.. etc.),153633,Yes,India,Yes,Mercurial,39,38,Prefer not to say,"$100,000"
2018-05-28,Professional degree (JD. MD.. etc.),130386,No,Canada,Maybe,None,41,12,Prefer not to say,"$40,000"
2018-05-29,Bachelor's degree (BA. BS. B.Eng.. etc.),57350,No,Pakistan,Yes,Subversion,62,10,Male,"$40,000"
2018-05-30,Some college/university study without earning a degree,123008,No,Pakistan,Maybe,Git,29,18,Prefer not to say,"$55,000"
2018-05-31,Professional degree (JD. MD.. etc.),124297,No,Germany,No,Mercurial,47,10,Prefer not to say,"$70,000"
2018-06-01,Professional degree (JD. MD.. etc.),55351,Yes,India,No,Mercurial,55,12,Female,"$70,000"
2018-06-02,Bachelor's degree (BA. BS. B.Eng.. etc.),118668,Yes,Pakistan,Maybe,Mercurial,48,0,Female,"$100,000"
2018-06-03,Professional degree (JD. MD.. etc.),144585,No,Germany,No,Git,53,39,Male,"$40,000"
2018-06-04,Bachelor's degree (BA. BS. B.Eng.. etc.),176377,No,Canada,No,Subversion,36,18,Prefer not to say,"$100,000"
2018-06-05,Master’s degree (MA. MS. M.Eng.. MBA.. etc.),105353,No,Pakistan,No,Mercurial,62,11,Male,"$55,000"
2018-06-06,Professional degree (JD. MD.. etc.),95953,Yes,Germany,No,None,53,7,Prefer not to say,"$70,000"
2018-06-07,Master’s degree (MA. MS. M.Eng.. MBA.. etc.),87458,No,Germany,Maybe,Mercurial,47,7,Other,"$70,000"
2018-06-08,Bachelor's degree (BA. BS. B.Eng.. etc.),50358,No,United States,Yes,Mercurial,50,11,Other,"$100,000"
2018-06-09,Some college/university study without earning a degree,33267,No,Canada,Yes,Mercurial,35,32,Male,"$55,000"
2018-06-10,Professional degree (JD. MD.. etc.),112745,Yes,United States,No,Mercurial,45,25,Male,"$70,000"
2018-06-11,Bachelor's degree (BA. BS. B.Eng.. etc.),119588,Yes,India,Yes,Subversion,64,38,Male,"$55,000"
2018-06-12,Some college/university study without earning a degree,68513,Yes,United States,Yes,None,28,27,Female,"$55,000"
2018-06-13,Some college/university study without earning a degree,187164,Yes,United States,No,Subversion,62,4,Female,"$100,000"
2018-06-14,Master’s degree (MA. MS. M.Eng.. MBA.. etc.),41338,Yes,Pakistan,No,None,50,7,Female,"$40,000"
2018-06-15,Bachelor's degree (BA. BS. B.Eng.. etc.),161484,Yes,Germany,Yes,Mercurial,34,24,Male,"$100,000"
2018-06-16,Some college/university study without earning a degree,37543,Yes,Canada,Maybe,Git,23,26,Prefer not to say,"$40,000"
2018-06-17,Professional degree (JD. MD.. etc.),135891,Yes,United States,No,Subversion,21,22,Other,"$55,000"
2018-06-18,Professional degree (JD. MD.. etc.),194568,No,Canada,Maybe,Git,37,29,Male,"$40,000"
2018-06-19,Master’s degree (MA. MS. M.Eng.. MBA.. etc.),90692,No,United States,Yes,Subversion,64,22,Female,"$55,000"
2018-06-20,Some college/university study without earning a degree,74425,Yes,India,No,Mercurial,44,19,Female,"$70,000"
2018-06-21,Bachelor's degree (BA. BS. B.Eng.. etc.),68756,Yes,United States,Maybe,Subversion,32,17,Male,"$70,000"
2018-06-22,Professional degree (JD. MD.. etc.),48888,No,Pakistan,No,Mercurial,23,17,Male,"$70,000"
2018-06-23,Some college/university study without earning a degree,196807,Yes,Germany,Yes,Subversion,64,1,Female,"$100,000"
2018-06-24,Some college/university study without earning a degree,77295,Yes,India,Maybe,Mercurial,31,3,Prefer not to say,"$100,000"
2018-06-25,Master’s degree (MA. MS. M.Eng.. MBA.. etc.),144352,Yes,United States,Yes,Mercurial,28,29,Female,"$55,000"
2018-06-26,Professional degree (JD. MD.. etc.),113042,No,Canada,Yes,None,56,32,Female,"$70,000"
2018-06-27,Professional degree (JD. MD.. etc.),115999,No,India,No,Mercurial,26,35,Male,"$100,000"
2018-06-28,Bachelor's degree (BA. BS. B.Eng.. etc.),47955,No,India,Maybe,None,43,17,Prefer not to say,"$70,000"
2018-06-29,Professional degree (JD. MD.. etc.),67841,No,United States,Yes,Mercurial,33,36,Female,"$100,000"
2018-06-30,Bachelor's degree (BA. BS. B.Eng.. etc.),100640,No,India,Yes,Git,22,18,Female,"$40,000"
2018-07-01,Professional degree (JD. MD.. etc.),195983,Yes,Canada,Maybe,Mercurial,27,27,Other,"$40,000"
2018-07-02,Master’s degree (MA. MS. M.Eng.. MBA.. etc.),168429,No,India,Yes,Git,20,39,Male,"$70,000"
2018-07-03,Professional degree (JD. MD.. etc.),193551,Yes,Canada,Yes,Git,30,19,Other,"$55,000"
2018-07-04,Bachelor's degree (BA. BS. B.Eng.. etc.),91476,Yes,United States,Maybe,Mercurial,60,32,Other,"$100,000"
2018-07-05,Bachelor's degree (BA. BS. B.Eng.. etc.),74811,No,Germany,Maybe,Git,47,11,Female,"$100,000"
2018-07-06,Master’s degree (MA. MS. M.Eng.. MBA.. etc.),197280,No,India,Maybe,None,62,14,Male,"$40,000"
2018-07-07,Professional degree (JD. MD.. etc.),181222,Yes,Germany,Maybe,Subversion,23,38,Prefer not to say,"$40,000"
2018-07-08,Professional degree (JD. MD.. etc.),101180,Yes,Canada,No,Mercurial,34,1,Female,"$55,000"
2018-07-09,Master’s degree (MA. MS. M.Eng.. MBA.. etc.),142856,Yes,India,Maybe,Git,62,28,Prefer not to say,"$55,000"
2018-07-10,Professional degree (JD. MD.. etc.),98450,No,Pakistan,No,Mercurial,36,9,Prefer not to say,"$55,000"
2018-07-11,Professional degree (JD. MD.. etc.),182424,No,Germany,No,None,59,1,Male,"$70,000"
2018-07-12,Bachelor's degree (BA. BS. B.Eng.. etc.),141888,No,India,No,Mercurial,52,10,Other,"$40,000"
2018-07-13,Professional degree (JD. MD.. etc.),140448,No,Germany,Yes,Mercurial,63,12,Male,"$70,000"
2018-07-14,Professional degree (JD. MD.. etc.),44397,No,India,No,Git,43,9,Prefer not to say,"$40,000"
2018-07-15,Master’s degree (MA. MS. M.Eng.. MBA.. etc.),161800,Yes,United States,No,None,22,13,Female,"$40,000"
2018-07-16,Master’s degree (MA. MS. M.Eng.. MBA.. etc.),149180,No,Germany,Yes,Subversion,46,17,Prefer not to say,"$100,000"
2018-07-17,Some college/university study without earning a degree,96234,Yes,Pakistan,Yes,Subversion,54,8,Female,"$40,000"
2018-07-18,Bachelor's degree (BA. BS. B.Eng.. etc.),69954,Yes,Pakistan,Yes,Git,37,38,Female,"$40,000"
2018-07-19,Professional degree (JD. MD.. etc.),109459,Yes,Canada,Maybe,Mercurial,38,27,Male,"$70,000"
2018-07-20,Professional degree (JD. MD.. etc.),177851,No,India,Yes,Git,27,2,Prefer not to say,"$40,000"
2018-07-21,Some college/university study without earning a degree,185538,No,Germany,Yes,Git,22,19,Other,"$70,000"
2018-07-22,Professional degree (JD. MD.. etc.),198011,No,Canada,No,Git,53,5,Prefer not to say,"$55,000"
2018-07-23,Bachelor's degree (BA. BS. B.Eng.. etc.),196342,Yes,Germany,Yes,Mercurial,23,26,Prefer not to say,"$40,000"
2018-07-24,Some college/university study without earning a degree,89163,Yes,India,Maybe,None,43,1,Other,"$40,000"
2018-07-25,Bachelor's degree (BA. BS. B.Eng.. etc.),81934,Yes,Pakistan,Yes,Git,21,28,Male,"$70,000"
2018-07-26,Some college/university study without earning a degree,193379,Yes,United States,Maybe,Mercurial,56,37,Prefer not to say,"$55,000"
2018-07-27,Some college/university study without earning a degree,84098,Yes,Pakistan,Yes,None,56,2,Prefer not to say,"$100,000"
2018-07-28,Master’s degree (MA. MS. M.Eng.. MBA.. etc.),35486,Yes,Canada,Yes,Git,52,15,Female,"$55,000"
2018-07-29,Bachelor's degree (BA. BS. B.Eng.. etc.),169407,No,United States,Yes,Subversion,18,29,Prefer not to say,"$70,000"
2018-07-30,Professional degree (JD. MD.. etc.),116900,No,Canada,Yes,None,41,39,Other,"$55,000"
2018-07-31,Professional degree (JD. MD.. etc.),156020,No,India,Maybe,Git,53,1,Female,"$70,000"
2018-08-01,Bachelor's degree (BA. BS. B.Eng.. etc.),132795,No,United States,Maybe,None,23,16,Male,"$70,000"
2018-08-02,Professional degree (JD. MD.. etc.),172202,Yes,Canada,No,None,58,11,Female,"$100,000"
2018-08-03,Professional degree (JD. MD.. etc.),117508,Yes,India,Maybe,None,63,34,Other,"$40,000"
2018-08-04,Bachelor's degree (BA. BS. B.Eng.. etc.),148324,No,Pakistan,Yes,None,61,0,Other,"$70,000"
2018-08-05,Some college/university study without earning a degree,90566,Yes,India,No,None,48,14,Female,"$70,000"
2018-08-06,Bachelor's degree (BA. BS. B.Eng.. etc.),57192,No,Germany,No,None,37,25,Male,"$100,000"
2018-08-07,Some college/university study without earning a degree,31062,No,India,No,Git,41,36,Female,"$70,000"
2018-08-08,Professional degree (JD. MD.. etc.),114076,No,India,Yes,Subversion,42,20,Male,"$40,000"
2018-08-09,Professional degree (JD. MD.. etc.),119780,Yes,Germany,Maybe,Mercurial,53,30,Female,"$100,000"
2018-08-10,Professional degree (JD. MD.. etc.),182617,No,Canada,Yes,None,38,24,Other,"$40,000"
2018-08-11,Master’s degree (MA. MS. M.Eng.. MBA.. etc.),51689,No,Canada,No,Mercurial,47,22,Prefer not to say,"$40,000"
2018-08-12,Some college/university study without earning a degree,41174,No,India,Yes,Git,41,23,Prefer not to say,"$100,000"
2018-08-13,Master’s degree (MA. MS. M.Eng.. MBA.. etc.),118461,Yes,Germany,Yes,None,61,37,Male,"$70,000"
2018-08-14,Master’s degree (MA. MS. M.Eng.. MBA.. etc.),156174,Yes,Germany,Maybe,Subversion,59,27,Male,"$40,000"
2018-08-15,Bachelor's degree (BA. BS. B.Eng.. etc.),133033,No,Pakistan,Maybe,Mercurial,47,20,Male,"$40,000"
2018-08-16,Master’s degree (MA. MS. M.Eng.. MBA.. etc.),39348,Yes,Canada,No,None,39,17,Other,"$40,000"
2018-08-17,Bachelor's degree (BA. BS. B.Eng.. etc.),184786,Yes,United States,Yes,Git,45,35,Female,"$40,000"
2018-08-18,Bachelor's degree (BA. BS. B.Eng.. etc.),68102,Yes,Canada,Yes,Subversion,24,34,Other,"$100,000"
2018-08-19,Master’s degree (MA. MS. M.Eng.. MBA.. etc.),104460,Yes,Canada,Maybe,Mercurial,52,8,Prefer not to say,"$100,000"
2018-08-20,Some college/university study without earning a degree,132634,Yes,Pakistan,Yes,Mercurial,45,37,Male,"$55,000"
2018-08-21,Some college/university study without earning a degree,119930,Yes,United States,Yes,None,31,29,Female,"$55,000"
2018-08-22,Some college/university study without earning a degree,36801,Yes,Pakistan,Yes,Subversion,27,33,Prefer not to say,"$40,000"
2018-08-23,Some college/university study without earning a degree,133150,Yes,United States,Maybe,Subversion,33,31,Prefer not to say,"$70,000"
2018-08-24,Some college/university study without earning a degree,184697,Yes,India,No,Subversion,33,2,Prefer not to say,"$40,000"
2018-08-25,Master’s degree (MA. MS. M.Eng.. MBA.. etc.),31542,Yes,United States,No,Subversion,48,2,Other,"$70,000"
2018-08-26,Master’s degree (MA. MS. M.Eng.. MBA.. etc.),51677,No,Pakistan,Yes,Git,59,27,Male,"$40,000"
2018-08-27,Professional degree (JD. MD.. etc.),69081,No,Canada,No,Subversion,42,14,Prefer not to say,"$55,000"
2018-08-28,Some college/university study without earning a degree,123105,Yes,United States,Maybe,Mercurial,30,22,Male,"$55,000"
2018-08-29,Master’s degree (MA. MS. M.Eng.. MBA.. etc.),49065,No,United States,Maybe,Mercurial,23,39,Other,"$70,000"
2018-08-30,Professional degree (JD. MD.. etc.),118092,No,Germany,No,Git,61,10,Prefer not to say,"$40,000"
2018-08-31,Some college/university study without earning a degree,84693,Yes,Canada,No,Mercurial,26,31,Other,"$70,000"
2018-09-01,Bachelor's degree (BA. BS. B.Eng.. etc.),56962,Yes,India,Yes,Mercurial,62,35,Other,"$55,000"
2018-09-02,Professional degree (JD. MD.. etc.),58295,Yes,Pakistan,No,Subversion,53,32,Male,"$40,000"
2018-09-03,Master’s degree (MA. MS. M.Eng.. MBA.. etc.),43807,No,India,Yes,Mercurial,60,23,Prefer not to say,"$40,000"
2018-09-04,Bachelor's degree (BA. BS. B.Eng.. etc.),187504,No,Canada,Yes,Git,37,38,Other,"$70,000"
2018-09-05,Bachelor's degree (BA. BS. B.Eng.. etc.),198152,Yes,United States,Maybe,Subversion,35,33,Prefer not to say,"$100,000"
2018-09-06,Bachelor's degree (BA. BS. B.Eng.. etc.),162396,Yes,United States,Maybe,None,60,27,Male,"$70,000"
2018-09-07,Professional degree (JD. MD.. etc.),121267,Yes,Canada,Maybe,Subversion,38,36,Other,"$55,000"
2018-09-08,Master’s degree (MA. MS. M.Eng.. MBA.. etc.),196981,No,United States,Maybe,Git,21,6,Male,"$55,000"
2018-09-09,Bachelor's degree (BA. BS. B.Eng.. etc.),49870,No,United States,No,Subversion,50,3,Prefer not to say,"$55,000"
2018-09-10,Some college/university study without earning a degree,195650,No,United States,Maybe,Subversion,44,36,Prefer not to say,"$55,000"
2018-09-11,Bachelor's degree (BA. BS. B.Eng.. etc.),56790,No,Pakistan,No,Git,24,0,Male,"$55,000"
2018-09-12,Bachelor's degree (BA. BS. B.Eng.. etc.),148874,Yes,Pakistan,Maybe,Subversion,23,0,Female,"$100,000"
2018-09-13,Professional degree (JD. MD.. etc.),55289,Yes,Germany,No,Git,32,19,Other,"$40,000"
2018-09-14,Professional degree (JD. MD.. etc.),45485,Yes,India,Yes,Git,35,18,Prefer not to say,"$70,000"
2018-09-15,Master’s degree (MA. MS. M.Eng.. MBA.. etc.),74482,Yes,Canada,No,None,49,28,Prefer not to say,"$70,000"
2018-09-16,Some college/university study without earning a degree,116188,No,Canada,No,Mercurial,28,9,Other,"$55,000"
2018-09-17,Professional degree (JD. MD.. etc.),34748,No,Canada,Maybe,Mercurial,37,17,Male,"$70,000"
2018-09-18,Bachelor's degree (BA. BS. B.Eng.. etc.),170507,Yes,Germany,No,Subversion,41,27,Male,"$55,000"
2018-09-19,Master’s degree (MA. MS. M.Eng.. MBA.. etc.),33709,Yes,Pakistan,Yes,Subversion,32,34,Male,"$100,000"
2018-09-20,Bachelor's degree (BA. BS. B.Eng.. etc.),153961,No,Germany,Yes,None,24,30,Female,"$100,000"
2018-09-21,Bachelor's degree (BA. BS. B.Eng.. etc.),60355,Yes,Canada,Maybe,None,38,26,Female,"$40,000"
2018-09-22,Professional degree (JD. MD.. etc.),174188,No,India,Yes,None,59,10,Prefer not to say,"$100,000"
2018-09-23,Master’s degree (MA. MS. M.Eng.. MBA.. etc.),186542,Yes,United States,No,Git,43,37,Male,"$100,000"
2018-09-24,Some college/university study without earning a degree,72918,Yes,Pakistan,Yes,None,61,4,Other,"$40,000"
2018-09-25,Some college/university study without earning a degree,82224,Yes,Pakistan,Maybe,None,31,7,Prefer not to say,"$70,000"
2018-09-26,Professional degree (JD. MD.. etc.),69298,Yes,Germany,No,Subversion,54,33,Other,"$55,000"
2018-09-27,Professional degree (JD. MD.. etc.),110219,Yes,Pakistan,Maybe,None,38,11,Prefer not to say,"$55,000"
2018-09-28,Master’s degree (MA. MS. M.Eng.. MBA.. etc.),91629,Yes,Canada,No,Git,35,37,Female,"$70,000"
2018-09-29,Some college/university study without earning a degree,96040,Yes,Canada,Yes,Git,22,0,Prefer not to say,"$40,000"
2018-09-30,Some college/university study without earning a degree,58016,No,Germany,Maybe,Subversion,20,30,Female,"$70,000"
2018-10-01,Some college/university study without earning a degree,53960,No,Canada,Maybe,None,40,3,Prefer not to say,"$100,000"
2018-10-02,Bachelor's degree (BA. BS. B.Eng.. etc.),63591,No,India,No,None,43,4,Male,"$40,000"
2018-10-03,Some college/university study without earning a degree,133333,No,Germany,Maybe,Git,54,29,Other,"$40,000"
2018-10-04,Bachelor's degree (BA. BS. B.Eng.. etc.),144821,No,India,No,None,41,23,Male,"$40,000"
2018-10-05,Master’s degree (MA. MS. M.Eng.. MBA.. etc.),66395,Yes,United States,No,None,36,2,Prefer not to say,"$55,000"
2018-10-06,Bachelor's degree (BA. BS. B.Eng.. etc.),159695,Yes,India,No,None,42,10,Prefer not to say,"$70,000"
2018-10-07,Master’s degree (MA. MS. M.Eng.. MBA.. etc.),183772,No,United States,No,Mercurial,38,3,Prefer not to say,"$40,000"
2018-10-08,Some college/university study without earning a degree,64620,Yes,United States,Yes,Subversion,29,25,Female,"$40,000"
2018-10-09,Some college/university study without earning a degree,158148,No,India,No,Mercurial,58,26,Other,"$40,000"
2018-10-10,Master’s degree (MA. MS. M.Eng.. MBA.. etc.),50559,No,Germany,Maybe,Subversion,50,26,Other,"$70,000"
2018-10-11,Professional degree (JD. MD.. etc.),123396,Yes,Canada,Yes,Git,21,5,Prefer not to say,"$55,000"
2018-10-12,Master’s degree (MA. MS. M.Eng.. MBA.. etc.),51732,Yes,Canada,Maybe,None,59,14,Prefer not to say,"$100,000"
2018-10-13,Professional degree (JD. MD.. etc.),121362,Yes,United States,Yes,Subversion,24,29,Female,"$55,000"
2018-10-14,Bachelor's degree (BA. BS. B.Eng.. etc.),191426,No,United States,No,Mercurial,39,36,Male,"$40,000"
2018-10-15,Bachelor's degree (BA. BS. B.Eng.. etc.),43843,Yes,Germany,Yes,None,50,36,Male,"$55,000"
2018-10-16,Bachelor's degree (BA. BS. B.Eng.. etc.),144065,No,Pakistan,Yes,Git,34,36,Other,"$55,000"
2018-10-17,Some college/university study without earning a degree,101726,No,India,Maybe,Subversion,41,34,Female,"$100,000"
2018-10-18,Bachelor's degree (BA. BS. B.Eng.. etc.),47640,No,United States,Maybe,Subversion,51,22,Prefer not to say,"$70,000"
2018-10-19,Professional degree (JD. MD.. etc.),82528,Yes,Canada,No,Subversion,45,5,Other,"$70,000"
2018-10-20,Bachelor's degree (BA. BS. B.Eng.. etc.),68413,Yes,Germany,Yes,None,60,3,Female,"$55,000"
2018-10-21,Master’s degree (MA. MS. M.Eng.. MBA.. etc.),82638,No,India,Yes,Mercurial,58,17,Male,"$55,000"
2018-10-22,Master’s degree (MA. MS. M.Eng.. MBA.. etc.),140133,Yes,Germany,Yes,Mercurial,56,8,Female,"$70,000"
2018-10-23,Some college/university study without earning a degree,136357,Yes,India,No,Subversion,39,28,Male,"$70,000"
2018-10-24,Master’s degree (MA. MS. M.Eng.. MBA.. etc.),180159,Yes,India,No,Git,34,12,Female,"$100,000"
2018-10-25,Professional degree (JD. MD.. etc.),185576,No,United States,No,Git,51,16,Other,"$40,000"
2018-10-26,Bachelor's degree (BA. BS. B.Eng.. etc.),168186,No,Germany,No,Mercurial,23,31,Male,"$55,000"
2018-10-27,Some college/university study without earning a degree,108859,Yes,Germany,No,Git,63,21,Other,"$70,000"
2018-10-28,Bachelor's degree (BA. BS. B.Eng.. etc.),129657,No,Canada,Maybe,Mercurial,23,3,Other,"$55,000"
2018-10-29,Bachelor's degree (BA. BS. B.Eng.. etc.),172047,Yes,Canada,Yes,Subversion,51,4,Male,"$55,000"
2018-10-30,Professional degree (JD. MD.. etc.),41023,Yes,United States,Yes,Mercurial,18,36,Male,"$70,000"
2018-10-31,Master’s degree (MA. MS. M.Eng.. MBA.. etc.),51447,Yes,United States,Yes,Mercurial,27,12,Prefer not to say,"$100,000"
2018-11-01,Master’s degree (MA. MS. M.Eng.. MBA.. etc.),155899,Yes,Pakistan,Yes,Subversion,38,33,Prefer not to say,"$55,000"
2018-11-02,Bachelor's degree (BA. BS. B.Eng.. etc.),53959,No,Canada,Yes,Git,22,21,Prefer not to say,"$100,000"
2018-11-03,Some college/university study without earning a degree,96203,No,India,Yes,Mercurial,19,22,Other,"$70,000"
2018-11-04,Master’s degree (MA. MS. M.Eng.. MBA.. etc.),149156,No,Germany,Yes,Mercurial,39,2,Other,"$40,000"
2018-11-05,Some college/university study without earning a degree,190775,Yes,United States,Yes,Subversion,19,33,Prefer not to say,"$40,000"
2018-11-06,Master’s degree (MA. MS. M.Eng.. MBA.. etc.),39337,Yes,Germany,Maybe,Git,27,31,Other,"$55,000"
2018-11-07,Some college/university study without earning a degree,76427,Yes,Germany,Yes,Mercurial,51,20,Other,"$70,000"
2018-11-08,Professional degree (JD. MD.. etc.),91529,No,Pakistan,Maybe,Subversion,33,20,Male,"$100,000"
2018-11-09,Some college/university study without earning a degree,132023,Yes,Canada,No,Mercurial,56,10,Male,"$55,000"
2018-11-10,Professional degree (JD. MD.. etc.),114665,No,United States,Yes,None,39,38,Other,"$70,000"
2018-11-11,Professional degree (JD. MD.. etc.),135787,No,Germany,No,Subversion,29,3,Prefer not to say,"$70,000"
2018-11-12,Some college/university study without earning a degree,192993,No,United States,No,Git,41,0,Female,"$100,000"
2018-11-13,Professional degree (JD. MD.. etc.),63307,No,India,No,Git,64,27,Prefer not to say,"$55,000"
2018-11-14,Bachelor's degree (BA. BS. B.Eng.. etc.),188427,No,Pakistan,Maybe,Git,57,23,Female,"$70,000"
2018-11-15,Professional degree (JD. MD.. etc.),157016,No,India,No,Git,55,34,Prefer not to say,"$70,000"
2018-11-16,Master’s degree (MA. MS. M.Eng.. MBA.. etc.),34835,Yes,United States,No,Mercurial,27,12,Male,"$70,000"
2018-11-17,Some college/university study without earning a degree,50159,Yes,United States,No,Mercurial,52,33,Other,"$100,000"
2018-11-18,Bachelor's degree (BA. BS. B.Eng.. etc.),151790,No,Canada,Yes,Git,49,10,Other,"$55,000"
2018-11-19,Some college/university study without earning a degree,135616,No,Germany,Yes,Git,24,35,Male,"$55,000"
2018-11-20,Master’s degree (MA. MS. M.Eng.. MBA.. etc.),199160,Yes,Germany,Maybe,Git,38,16,Female,"$55,000"
2018-11-21,Master’s degree (MA. MS. M.Eng.. MBA.. etc.),108752,No,India,Maybe,Mercurial,37,34,Female,"$55,000"
2018-11-22,Master’s degree (MA. MS. M.Eng.. MBA.. etc.),85284,No,Pakistan,Yes,Git,43,17,Female,"$40,000"
2018-11-23,Professional degree (JD. MD.. etc.),87043,Yes,Germany,Maybe,Git,21,39,Male,"$40,000"
2018-11-24,Professional degree (JD. MD.. etc.),196619,No,Canada,Yes,None,63,21,Female,"$55,000"
2018-11-25,Some college/university study without earning a degree,127007,No,India,No,None,39,23,Male,"$100,000"
2018-11-26,Some college/university study without earning a degree,112844,No,India,No,Git,32,18,Prefer not to say,"$40,000"
2018-11-27,Bachelor's degree (BA. BS. B.Eng.. etc.),57532,Yes,Canada,Maybe,Subversion,57,36,Prefer not to say,"$70,000"
2018-11-28,Bachelor's degree (BA. BS. B.Eng.. etc.),195421,Yes,Pakistan,Yes,Git,38,38,Male,"$40,000"
2018-11-29,Some college/university study without earning a degree,152402,Yes,Canada,Yes,None,32,20,Other,"$70,000"
2018-11-30,Professional degree (JD. MD.. etc.),148012,No,Pakistan,Maybe,Subversion,39,7,Prefer not to say,"$55,000"
2018-12-01,Master’s degree (MA. MS. M.Eng.. MBA.. etc.),166785,No,Canada,Yes,Subversion,45,27,Female,"$40,000"
2018-12-02,Some college/university study without earning a degree,86178,Yes,Canada,No,Git,31,4,Male,"$100,000"
2018-12-03,Bachelor's degree (BA. BS. B.Eng.. etc.),79407,No,United States,Maybe,None,44,16,Female,"$40,000"
2018-12-04,Professional degree (JD. MD.. etc.),80990,No,India,Maybe,None,58,36,Female,"$40,000"
2018-12-05,Some college/university study without earning a degree,159473,No,Canada,Yes,Subversion,57,35,Other,"$40,000"
2018-12-06,Some college/university study without earning a degree,88141,No,Canada,Maybe,Git,45,18,Female,"$55,000"
2018-12-07,Professional degree (JD. MD.. etc.),184865,No,Germany,Yes,Mercurial,43,26,Other,"$100,000"
2018-12-08,Some college/university study without earning a degree,86570,Yes,India,Yes,Mercurial,19,33,Prefer not to say,"$40,000"
2018-12-09,Professional degree (JD. MD.. etc.),198964,No,Germany,Yes,None,42,10,Male,"$100,000"
2018-12-10,Master’s degree (MA. MS. M.Eng.. MBA.. etc.),31015,Yes,India,Yes,Mercurial,20,11,Female,"$55,000"
2018-12-11,Professional degree (JD. MD.. etc.),91813,No,Germany,Yes,None,25,20,Male,"$70,000"
2018-12-12,Professional degree (JD. MD.. etc.),57712,Yes,Canada,Maybe,None,61,10,Female,"$40,000"
2018-12-13,Professional degree (JD. MD.. etc.),130497,No,Canada,No,None,50,38,Male,"$100,000"
2018-12-14,Some college/university study without earning a degree,169487,Yes,United States,No,Mercurial,59,27,Female,"$100,000"
2018-12-15,Some college/university study without earning a degree,142816,No,Germany,Maybe,None,52,4,Female,"$55,000"
2018-12-16,Professional degree (JD. MD.. etc.),158778,Yes,Pakistan,Maybe,Subversion,23,16,Female,"$40,000"
2018-12-17,Some college/university study without earning a degree,92292,No,United States,No,Git,56,19,Female,"$70,000"
2018-12-18,Bachelor's degree (BA. BS. B.Eng.. etc.),53833,Yes,Germany,No,Git,40,11,Female,"$100,000"
2018-12-19,Bachelor's degree (BA. BS. B.Eng.. etc.),165230,No,Germany,No,None,42,5,Female,"$40,000"
2018-12-20,Some college/university study without earning a degree,50309,Yes,United States,No,Git,60,16,Female,"$70,000"
2018-12-21,Some college/university study without earning a degree,36970,Yes,Canada,No,Mercurial,36,18,Female,"$100,000"
2018-12-22,Professional degree (JD. MD.. etc.),102474,No,Germany,Yes,Mercurial,22,25,Female,"$100,000"
2018-12-23,Master’s degree (MA. MS. M.Eng.. MBA.. etc.),76540,No,Canada,Maybe,Git,28,31,Male,"$70,000"
2018-12-24,Some college/university study without earning a degree,181456,Yes,United States,Yes,Mercurial,29,5,Other,"$70,000"
2018-12-25,Bachelor's degree (BA. BS. B.Eng.. etc.),48017,No,Canada,No,Git,27,35,Female,"$55,000"
2018-12-26,Professional degree (JD. MD.. etc.),105880,Yes,India,No,Git,25,37,Other,"$40,000"
2018-12-27,Some college/university study without earning a degree,135570,Yes,Pakistan,No,Git,41,10,Female,"$40,000"
2018-12-28,Bachelor's degree (BA. BS. B.Eng.. etc.),38702,Yes,Germany,Yes,None,45,32,Female,"$55,000"
2018-12-29,Bachelor's degree (BA. BS. B.Eng.. etc.),161456,No,Pakistan,Yes,Git,58,23,Male,"$100,000"
2018-12-30,Master’s degree (MA. MS. M.Eng.. MBA.. etc.),30404,Yes,Canada,No,None,53,22,Prefer not to say,"$70,000"
2018-12-31,Professional degree (JD. MD.. etc.),190261,Yes,Germany,Yes,Git,54,14,Prefer not to say,"$70,000"
2019-01-01,Professional degree (JD. MD.. etc.),42763,No,Canada,Yes,Git,38,26,Male,"$70,000"
2019-01-02,Master’s degree (MA. MS. M.Eng.. MBA.. etc.),179456,No,India,No,Git,25,10,Other,"$100,000"
2019-01-03,Master’s degree (MA. MS. M.Eng.. MBA.. etc.),128142,No,United States,Yes,Mercurial,26,16,Prefer not to say,"$70,000"
2019-01-04,Professional degree (JD. MD.. etc.),170932,No,Germany,Maybe,None,64,13,Male,"$70,000"
2019-01-05,Professional degree (JD. MD.. etc.),110642,Yes,India,Maybe,None,32,26,Male,"$55,000"
2019-01-06,Some college/university study without earning a degree,80612,Yes,India,Maybe,Git,63,17,Prefer not to say,"$100,000"
2019-01-07,Some college/university study without earning a degree,53574,Yes,Germany,Maybe,Git,57,27,Other,"$40,000"
2019-01-08,Master’s degree (MA. MS. M.Eng.. MBA.. etc.),53524,Yes,Canada,No,Mercurial,35,3,Male,"$55,000"
2019-01-09,Some college/university study without earning a degree,40916,No,India,No,Mercurial,59,6,Female,"$55,000"
2019-01-10,Bachelor's degree (BA. BS. B.Eng.. etc.),34809,Yes,Pakistan,No,Mercurial,37,34,Other,"$40,000"
2019-01-11,Some college/university study without earning a degree,193273,Yes,India,Maybe,None,23,8,Other,"$55,000"
2019-01-12,Some college/university study without earning a degree,174528,No,Canada,Maybe,None,29,7,Prefer not to say,"$100,000"
2019-01-13,Bachelor's degree (BA. BS. B.Eng.. etc.),151288,Yes,Canada,Yes,None,19,16,Prefer not to say,"$70,000"
2019-01-14,Master’s degree (MA. MS. M.Eng.. MBA.. etc.),68765,Yes,Pakistan,Yes,Git,24,16,Female,"$100,000"
2019-01-15,Bachelor's degree (BA. BS. B.Eng.. etc.),195888,Yes,India,Maybe,None,33,32,Male,"$40,000"
2019-01-16,Some college/university study without earning a degree,75106,Yes,Canada,Maybe,Subversion,20,31,Prefer not to say,"$40,000"
2019-01-17,Master’s degree (MA. MS. M.Eng.. MBA.. etc.),83932,Yes,Germany,Maybe,Subversion,62,7,Prefer not to say,"$55,000"
2019-01-18,Some college/university study without earning a degree,178172,Yes,United States,Maybe,Mercurial,20,18,Other,"$100,000"
2019-01-19,Bachelor's degree (BA. BS. B.Eng.. etc.),87091,No,United States,Yes,None,44,37,Prefer not to say,"$100,000"
2019-01-20,Bachelor's degree (BA. BS. B.Eng.. etc.),51949,No,United States,Maybe,Subversion,60,2,Prefer not to say,"$40,000"
2019-01-21,Some college/university study without earning a degree,67744,Yes,India,Yes,Mercurial,57,4,Prefer not to say,"$100,000"
2019-01-22,Professional degree (JD. MD.. etc.),138319,Yes,Pakistan,Maybe,None,55,12,Prefer not to say,"$40,000"
2019-01-23,Professional degree (JD. MD.. etc.),122193,No,Canada,Maybe,Git,50,30,Other,"$100,000"
2019-01-24,Bachelor's degree (BA. BS. B.Eng.. etc.),66187,Yes,Germany,Maybe,Subversion,45,15,Female,"$100,000"
2019-01-25,Bachelor's degree (BA. BS. B.Eng.. etc.),168311,Yes,Germany,Yes,Git,18,31,Female,"$100,000"
2019-01-26,Professional degree (JD. MD.. etc.),154454,Yes,India,Yes,None,25,21,Male,"$40,000"
2019-01-27,Professional degree (JD. MD.. etc.),44489,No,United States,No,Subversion,54,28,Prefer not to say,"$55,000"
2019-01-28,Some college/university study without earning a degree,91877,Yes,India,Maybe,None,49,21,Other,"$100,000"
2019-01-29,Some college/university study without earning a degree,79922,No,Pakistan,No,Git,60,2,Male,"$40,000"
2019-01-30,Professional degree (JD. MD.. etc.),124074,Yes,Pakistan,No,Subversion,54,9,Male,"$40,000"
2019-01-31,Some college/university study without earning a degree,193121,No,Canada,Yes,Git,21,20,Female,"$100,000"
2019-02-01,Some college/university study without earning a degree,67131,No,Canada,Yes,None,47,15,Other,"$100,000"
2019-02-02,Master’s degree (MA. MS. M.Eng.. MBA.. etc.),145765,Yes,Pakistan,No,None,23,11,Other,"$55,000"
2019-02-03,Some college/university study without earning a degree,103963,No,Pakistan,Maybe,Git,63,1,Other,"$40,000"
2019-02-04,Bachelor's degree (BA. BS. B.Eng.. etc.),136884,Yes,Pakistan,Yes,Subversion,36,23,Female,"$40,000"
2019-02-05,Some college/university study without earning a degree,155917,No,India,Maybe,Git,49,34,Female,"$70,000"
2019-02-06,Some college/university study without earning a degree,54285,Yes,Pakistan,Maybe,None,26,29,Female,"$40,000"
2019-02-07,Professional degree (JD. MD.. etc.),67626,Yes,Germany,No,Git,29,29,Female,"$55,000"
2019-02-08,Bachelor's degree (BA. BS. B.Eng.. etc.),49198,No,United States,No,None,28,34,Female,"$70,000"
2019-02-09,Some college/university study without earning a degree,180830,Yes,Pakistan,No,Git,63,18,Prefer not to say,"$70,000"
2019-02-10,Some college/university study without earning a degree,45254,Yes,United States,No,Subversion,33,7,Prefer not to say,"$70,000"
2019-02-11,Master’s degree (MA. MS. M.Eng.. MBA.. etc.),74238,No,India,Yes,Subversion,18,25,Other,"$100,000"
2019-02-12,Some college/university study without earning a degree,31252,Yes,United States,Yes,Git,62,39,Male,"$100,000"
2019-02-13,Some college/university study without earning a degree,69764,Yes,India,No,Git,38,6,Other,"$40,000"
2019-02-14,Master’s degree (MA. MS. M.Eng.. MBA.. etc.),107709,No,Germany,Yes,Subversion,47,29,Male,"$70,000"
2019-02-15,Professional degree (JD. MD.. etc.),198513,No,India,No,None,30,6,Female,"$55,000"
2019-02-16,Some college/university study without earning a degree,83682,Yes,India,Maybe,Subversion,51,2,Male,"$100,000"
2019-02-17,Master’s degree (MA. MS. M.Eng.. MBA.. etc.),89494,Yes,Canada,Maybe,None,21,0,Other,"$55,000"
2019-02-18,Bachelor's degree (BA. BS. B.Eng.. etc.),111317,No,Pakistan,Maybe,Git,45,35,Other,"$55,000"
2019-02-19,Professional degree (JD. MD.. etc.),95215,No,Pakistan,No,Git,55,24,Male,"$100,000"
2019-02-20,Bachelor's degree (BA. BS. B.Eng.. etc.),108587,Yes,Germany,Maybe,None,48,36,Prefer not to say,"$100,000"
2019-02-21,Bachelor's degree (BA. BS. B.Eng.. etc.),36949,No,Germany,Yes,Git,44,0,Female,"$100,000"
2019-02-22,Master’s degree (MA. MS. M.Eng.. MBA.. etc.),85393,Yes,Pakistan,Maybe,None,22,14,Female,"$100,000"
2019-02-23,Some college/university study without earning a degree,168013,Yes,Canada,Maybe,Mercurial,42,36,Other,"$70,000"
2019-02-24,Master’s degree (MA. MS. M.Eng.. MBA.. etc.),55934,Yes,Pakistan,Maybe,Subversion,20,12,Prefer not to say,"$70,000"
2019-02-25,Master’s degree (MA. MS. M.Eng.. MBA.. etc.),184458,Yes,Canada,Yes,Mercurial,50,39,Male,"$70,000"
2019-02-26,Master’s degree (MA. MS. M.Eng.. MBA.. etc.),105745,Yes,Germany,No,None,21,7,Female,"$70,000"
2019-02-27,Master’s degree (MA. MS. M.Eng.. MBA.. etc.),124456,No,United States,Yes,Subversion,42,4,Prefer not to say,"$40,000"
2019-02-28,Professional degree (JD. MD.. etc.),83413,No,Germany,No,None,37,8,Female,"$70,000"
2019-03-01,Some college/university study without earning a degree,127239,No,Germany,No,Subversion,51,0,Prefer not to say,"$100,000"
2019-03-02,Bachelor's degree (BA. BS. B.Eng.. etc.),72318,No,India,Maybe,Subversion,43,35,Prefer not to say,"$55,000"
2019-03-03,Bachelor's degree (BA. BS. B.Eng.. etc.),100390,Yes,India,No,Subversion,22,34,Other,"$70,000"
2019-03-04,Some college/university study without earning a degree,73088,Yes,India,Yes,Subversion,52,1,Female,"$40,000"
2019-03-05,Bachelor's degree (BA. BS. B.Eng.. etc.),133196,Yes,India,Yes,None,45,39,Male,"$100,000"
2019-03-06,Some college/university study without earning a degree,85479,Yes,Canada,No,Subversion,46,22,Other,"$55,000"
2019-03-07,Bachelor's degree (BA. BS. B.Eng.. etc.),49963,No,Pakistan,Maybe,Subversion,26,8,Other,"$55,000"
2019-03-08,Master’s degree (MA. MS. M.Eng.. MBA.. etc.),85123,Yes,United States,Maybe,Mercurial,55,33,Male,"$70,000"
2019-03-09,Bachelor's degree (BA. BS. B.Eng.. etc.),155911,Yes,Germany,Yes,Git,23,13,Other,"$55,000"
2019-03-10,Some college/university study without earning a degree,132468,No,Canada,Maybe,Git,36,3,Prefer not to say,"$70,000"
2019-03-11,Some college/university study without earning a degree,103477,No,United States,No,Mercurial,61,29,Prefer not to say,"$70,000"
2019-03-12,Some college/university study without earning a degree,44388,No,Canada,No,Mercurial,28,30,Female,"$100,000"
2019-03-13,Some college/university study without earning a degree,35569,No,Canada,Yes,None,19,37,Female,"$100,000"
2019-03-14,Some college/university study without earning a degree,99836,Yes,Germany,No,None,64,10,Male,"$40,000"
2019-03-15,Professional degree (JD. MD.. etc.),134573,Yes,Pakistan,Yes,None,61,34,Female,"$100,000"
2019-03-16,Professional degree (JD. MD.. etc.),197658,No,India,No,Mercurial,61,7,Prefer not to say,"$100,000"
2019-03-17,Bachelor's degree (BA. BS. B.Eng.. etc.),173087,Yes,Pakistan,Yes,Mercurial,26,2,Male,"$70,000"
2019-03-18,Some college/university study without earning a degree,75002,Yes,Germany,Maybe,Subversion,38,13,Male,"$100,000"
2019-03-19,Bachelor's degree (BA. BS. B.Eng.. etc.),167326,Yes,Germany,No,None,41,12,Female,"$70,000"
2019-03-20,Some college/university study without earning a degree,178216,No,Germany,No,None,51,31,Prefer not to say,"$70,000"
2019-03-21,Some college/university study without earning a degree,185286,Yes,United States,Yes,None,39,33,Male,"$100,000"
2019-03-22,Professional degree (JD. MD.. etc.),167162,No,Pakistan,Yes,Git,20,18,Prefer not to say,"$40,000"
2019-03-23,Professional degree (JD. MD.. etc.),172709,Yes,Pakistan,No,Subversion,29,37,Prefer not to say,"$40,000"
2019-03-24,Master’s degree (MA. MS. M.Eng.. MBA.. etc.),183487,Yes,Canada,Yes,None,45,15,Prefer not to say,"$55,000"
2019-03-25,Professional degree (JD. MD.. etc.),54071,Yes,Canada,No,None,47,1,Female,"$55,000"
2019-03-26,Master’s degree (MA. MS. M.Eng.. MBA.. etc.),88243,No,Canada,Maybe,None,43,39,Other,"$100,000"
2019-03-27,Master’s degree (MA. MS. M.Eng.. MBA.. etc.),155827,Yes,Germany,Yes,Git,38,16,Other,"$40,000"
2019-03-28,Master’s degree (MA. MS. M.Eng.. MBA.. etc.),138215,No,Pakistan,No,Git,45,33,Male,"$70,000"
2019-03-29,Master’s degree (MA. MS. M.Eng.. MBA.. etc.),131570,No,Germany,Maybe,Mercurial,43,15,Prefer not to say,"$55,000"
2019-03-30,Master’s degree (MA. MS. M.Eng.. MBA.. etc.),194506,No,United States,Maybe,Subversion,50,37,Female,"$70,000"
2019-03-31,Bachelor's degree (BA. BS. B.Eng.. etc.),99724,Yes,Canada,No,Mercurial,38,1,Prefer not to say,"$55,000"
2019-04-01,Professional degree (JD. MD.. etc.),145359,Yes,Germany,Yes,Subversion,52,1,Prefer not to say,"$100,000"
2019-04-02,Master’s degree (MA. MS. M.Eng.. MBA.. etc.),105697,Yes,Germany,No,Git,51,25,Female,"$40,000"
2019-04-03,Some college/university study without earning a degree,58732,Yes,United States,Maybe,None,58,12,Other,"$55,000"
2019-04-04,Professional degree (JD. MD.. etc.),151465,No,India,No,Mercurial,64,30,Prefer not to say,"$40,000"
2019-04-05,Professional degree (JD. MD.. etc.),172386,No,Pakistan,Yes,None,35,33,Prefer not to say,"$70,000"
2019-04-06,Master’s degree (MA. MS. M.Eng.. MBA.. etc.),185026,No,India,Maybe,Mercurial,28,38,Other,"$100,000"
2019-04-07,Bachelor's degree (BA. BS. B.Eng.. etc.),87108,Yes,Canada,No,Git,40,2,Female,"$40,000"
2019-04-08,Master’s degree (MA. MS. M.Eng.. MBA.. etc.),141195,No,Germany,Yes,Git,39,7,Male,"$100,000"
2019-04-09,Bachelor's degree (BA. BS. B.Eng.. etc.),133081,Yes,United States,Maybe,Git,34,22,Other,"$40,000"
2019-04-10,Some college/university study without earning a degree,66668,No,United States,Yes,Mercurial,22,13,Male,"$70,000"
2019-04-11,Professional degree (JD. MD.. etc.),53061,Yes,Pakistan,Maybe,Subversion,61,26,Male,"$70,000"
2019-04-12,Some college/university study without earning a degree,109252,Yes,India,No,Mercurial,28,28,Other,"$100,000"
2019-04-13,Bachelor's degree (BA. BS. B.Eng.. etc.),69749,No,Pakistan,Yes,Subversion,47,38,Prefer not to say,"$70,000"
2019-04-14,Bachelor's degree (BA. BS. B.Eng.. etc.),160560,No,Germany,Maybe,Mercurial,32,38,Male,"$55,000"
2019-04-15,Some college/university study without earning a degree,134680,No,Pakistan,Yes,Mercurial,44,0,Male,"$40,000"
2019-04-16,Bachelor's degree (BA. BS. B.Eng.. etc.),177979,No,United States,Yes,Git,52,16,Female,"$70,000"
2019-04-17,Some college/university study without earning a degree,179849,Yes,United States,No,None,50,29,Prefer not to say,"$55,000"
2019-04-18,Professional degree (JD. MD.. etc.),81745,No,Canada,Yes,None,37,12,Male,"$100,000"
2019-04-19,Some college/university study without earning a degree,138464,No,Canada,Maybe,Subversion,33,20,Female,"$55,000"
2019-04-20,Professional degree (JD. MD.. etc.),121865,No,Germany,Maybe,None,51,18,Prefer not to say,"$100,000"
2019-04-21,Some college/university study without earning a degree,142428,Yes,India,Maybe,Mercurial,19,18,Other,"$100,000"
2019-04-22,Bachelor's degree (BA. BS. B.Eng.. etc.),53624,Yes,Pakistan,Maybe,Mercurial,52,24,Other,"$40,000"
2019-04-23,Some college/university study without earning a degree,53321,No,Germany,No,Git,57,21,Female,"$40,000"
2019-04-24,Bachelor's degree (BA. BS. B.Eng.. etc.),171560,Yes,Canada,Yes,Git,45,30,Other,"$55,000"
2019-04-25,Some college/university study without earning a degree,52574,No,Pakistan,No,None,64,16,Male,"$40,000"
2019-04-26,Some college/university study without earning a degree,166312,Yes,Canada,Yes,Subversion,56,22,Prefer not to say,"$40,000"
2019-04-27,Master’s degree (MA. MS. M.Eng.. MBA.. etc.),171550,Yes,Pakistan,Yes,None,23,31,Male,"$40,000"
2019-04-28,Bachelor's degree (BA. BS. B.Eng.. etc.),180334,Yes,India,Yes,None,26,9,Male,"$55,000"
2019-04-29,Master’s degree (MA. MS. M.Eng.. MBA.. etc.),148831,Yes,Germany,No,None,37,9,Other,"$70,000"
2019-04-30,Bachelor's degree (BA. BS. B.Eng.. etc.),165504,No,Pakistan,Yes,None,18,35,Male,"$40,000"
2019-05-01,Master’s degree (MA. MS. M.Eng.. MBA.. etc.),125257,No,United States,No,Mercurial,25,7,Other,"$40,000"
2019-05-02,Professional degree (JD. MD.. etc.),94291,No,United States,Maybe,Subversion,40,19,Prefer not to say,"$55,000"
2019-05-03,Some college/university study without earning a degree,157600,Yes,Pakistan,Maybe,Mercurial,20,31,Prefer not to say,"$70,000"
2019-05-04,Bachelor's degree (BA. BS. B.Eng.. etc.),80428,No,Pakistan,Yes,Subversion,21,13,Male,"$40,000"
2019-05-05,Bachelor's degree (BA. BS. B.Eng.. etc.),161374,No,Pakistan,No,Git,42,27,Female,"$100,000"
2019-05-06,Some college/university study without earning a degree,161127,No,United States,Maybe,None,64,23,Other,"$55,000"
2019-05-07,Bachelor's degree (BA. BS. B.Eng.. etc.),141317,Yes,United States,No,Mercurial,55,14,Other,"$40,000"
2019-05-08,Bachelor's degree (BA. BS. B.Eng.. etc.),169789,Yes,Pakistan,No,Subversion,32,21,Male,"$40,000"
2019-05-09,Master’s degree (MA. MS. M.Eng.. MBA.. etc.),157449,Yes,Canada,Yes,Git,38,29,Other,"$100,000"
2019-05-10,Bachelor's degree (BA. BS. B.Eng.. etc.),58699,No,Canada,Maybe,Git,52,3,Other,"$100,000"
2019-05-11,Professional degree (JD. MD.. etc.),103686,No,India,Yes,None,63,12,Female,"$55,000"
2019-05-12,Professional degree (JD. MD.. etc.),97661,No,Germany,Yes,Subversion,31,22,Female,"$55,000"
2019-05-13,Some college/university study without earning a degree,74247,Yes,Canada,Maybe,Mercurial,53,7,Male,"$100,000"
2019-05-14,Bachelor's degree (BA. BS. B.Eng.. etc.),177820,Yes,United States,Maybe,None,29,17,Female,"$55,000"
2019-05-15,Some college/university study without earning a degree,135113,No,Canada,No,Mercurial,34,11,Male,"$100,000"
